Country Name,Country Code,Indicator Name,Indicator Code,1960,1961,1962,1963,1964,1965,1966,1967,1968,1969,1970,1971,1972,1973,1974,1975,1976,1977,1978,1979,1980,1981,1982,1983,1984,1985,1986,1987,1988,1989,1990,1991,1992,1993,1994,1995,1996,1997,1998,1999,2000,2001,2002,2003,2004,2005,2006,2007,2008,2009,2010,2011,2012,2013,2014,2015,2016,2017,2018,2019,2020,2021,2022,2023
Aruba,ABW,People practicing open defecation (% of population),SH.STA.ODFC.ZS,,,,,,,,,,,,,,,,,,,,,,,,,,,,,,,,,,,,,,,,,1.222750384,1.206160418,1.189570453,1.172980487,1.156390521,1.139800556,1.12321059,1.106620624,1.090030659,1.073440693,1.056850727,1.040260761,1.023670796,1.00708083,0.990490864,0.973900899,0.957310933,0.940720967,0.924131002,0.907541036,0.89095107,0.874361105,0.857771139,
Africa Eastern and Southern,AFE,People practicing open defecation (% of population),SH.STA.ODFC.ZS,,,,,,,,,,,,,,,,,,,,,,,,,,,,,,,,,,,,,,,,,33.03273238,32.17722678,31.29043817,30.3993353,29.50256717,28.45935861,27.4219595,26.43481147,25.36901586,24.3033295,23.23994861,23.1090447,22.07811137,21.05390764,20.00564047,18.94724256,17.90358153,16.58426383,15.57304378,14.61639968,13.67935304,12.61796497,12.34096907,
Afghanistan,AFG,People practicing open defecation (% of population),SH.STA.ODFC.ZS,,,,,,,,,,,,,,,,,,,,,,,,,,,,,,,,,,,,,,,,,25.96848455,25.94566841,25.11352812,24.28235895,23.43924011,22.58481209,21.73229803,20.88149929,20.03265846,19.18579097,18.34091422,17.49784583,16.65680995,15.81782216,14.98089846,14.14587789,13.31296318,12.48017389,11.73792466,11.00926853,10.28360481,9.560904058,8.8418533,
Africa Western and Central,AFW,People practicing open defecation (% of population),SH.STA.ODFC.ZS,,,,,,,,,,,,,,,,,,,,,,,,,,,,,,,,,,,,,,,,,32.1925165,31.80480367,31.34509701,30.88293808,30.42622828,29.97288913,29.51515256,29.05496815,28.59610257,28.1343095,27.66926063,27.21087555,26.75766711,26.30498255,25.85051788,25.39256017,24.9368742,24.48378249,24.10338825,23.64958816,23.19420596,22.74052133,22.48063293,
Angola,AGO,People practicing open defecation (% of population),SH.STA.ODFC.ZS,,,,,,,,,,,,,,,,,,,,,,,,,,,,,,,,,,,,,,,,,42.86651633,41.41483053,39.95439156,38.48664366,37.0111452,35.53137033,34.24672747,32.95844846,31.66557733,30.3701618,29.07073786,27.76785323,26.46206816,25.15397081,23.84309145,22.53427073,21.22659561,19.92073675,18.67839099,18.31929432,17.96832163,17.62439314,17.28804622,
Albania,ALB,People practicing open defecation (% of population),SH.STA.ODFC.ZS,,,,,,,,,,,,,,,,,,,,,,,,,,,,,,,,,,,,,,,,,0.888852768,0.836397043,0.781898777,0.728191015,0.675280757,0.623198173,0.571934842,0.521500377,0.471902855,0.423169993,0.375274164,0.32823483,0.282042417,0.236762289,0.192352739,0.148796777,0.106063704,0.064126603,0.026230864,0,0,0,0,
Andorra,AND,People practicing open defecation (% of population),SH.STA.ODFC.ZS,,,,,,,,,,,,,,,,,,,,,,,,,,,,,,,,,,,,,,,,,0,0,0,0,0,0,0,0,0,0,0,0,0,0,0,0,0,0,0,0,0,0,0,
Arab World,ARB,People practicing open defecation (% of population),SH.STA.ODFC.ZS,,,,,,,,,,,,,,,,,,,,,,,,,,,,,,,,,,,,,,,,,13.64210664,13.28455115,12.99815579,12.62675329,12.25151319,11.64995753,11.02947021,10.48110666,9.691359059,9.088538057,8.499904773,7.917231781,7.37024892,6.844468206,6.338378951,5.848649253,5.366814983,5.113920185,4.653299799,4.216262689,3.798433309,2.084742392,2.074172524,
United Arab Emirates,ARE,People practicing open defecation (% of population),SH.STA.ODFC.ZS,,,,,,,,,,,,,,,,,,,,,,,,,,,,,,,,,,,,,,,,,0,0,0,0,0,0,0,0,0,0,0,0,0,0,0,0,0,0,0,0,0,0,0,
Argentina,ARG,People practicing open defecation (% of population),SH.STA.ODFC.ZS,,,,,,,,,,,,,,,,,,,,,,,,,,,,,,,,,,,,,,,,,,,,,,,2.050094408,1.98427708,1.918383442,1.852481817,1.786577542,1.721594155,1.657099741,1.592644927,1.528033063,,,,,,,,,
Armenia,ARM,People practicing open defecation (% of population),SH.STA.ODFC.ZS,,,,,,,,,,,,,,,,,,,,,,,,,,,,,,,,,,,,,,,,,0.075707443,0.075540823,0.075452467,0.075393765,0.069702154,0.064025825,0.05836573,0.052721077,0.047092496,0.041479516,0.035882412,0.030301185,0.024735833,0.019181538,0.013632583,0.011358461,0.011156539,0.01094746,0.010731336,0.010710951,0.010683576,0.010649214,0.010607862,
American Samoa,ASM,People practicing open defecation (% of population),SH.STA.ODFC.ZS,,,,,,,,,,,,,,,,,,,,,,,,,,,,,,,,,,,,,,,,,0.503353349,0.503353349,0.503353349,0.503353349,0.523538891,0.543724433,0.563909975,0.584095517,0.60428106,0.624466602,0.644652144,0.664837686,0.685023228,0.705208771,0.725394313,0.745579855,0.765765397,0.78595094,0.78595094,0.78595094,0.78595094,0.78595094,,
Antigua and Barbuda,ATG,People practicing open defecation (% of population),SH.STA.ODFC.ZS,,,,,,,,,,,,,,,,,,,,,,,,,,,,,,,,,,,,,,,,,,,,,,,,,,0.626717501,0.626154473,0.625635098,0.625463285,0.625292447,0.62512254,0.624952672,0.624803184,0.624674077,0.62456341,0.624473125,0.624402279,0.624350817,0.624317816,
Australia,AUS,People practicing open defecation (% of population),SH.STA.ODFC.ZS,,,,,,,,,,,,,,,,,,,,,,,,,,,,,,,,,,,,,,,,,0,0,0,0,0,0,0,0,0,0,0,0,0,0,0,0,0,0,0,0,0,0,0,
Austria,AUT,People practicing open defecation (% of population),SH.STA.ODFC.ZS,,,,,,,,,,,,,,,,,,,,,,,,,,,,,,,,,,,,,,,,,0,0,0,0,0,0,0,0,0,0,0,0,0,0,0,0,0,0,0,0,0,0,0,
Azerbaijan,AZE,People practicing open defecation (% of population),SH.STA.ODFC.ZS,,,,,,,,,,,,,,,,,,,,,,,,,,,,,,,,,,,,,,,,,0.169155949,0.169570309,0.170018709,0.17049836,0.171010681,0.171556788,0.172135427,0.172745632,0.17338937,0.17406564,0.174763179,0.175486504,0.176239299,0.177024733,0.177847103,0.088274497,0.08767608,0.087048411,0.086391507,0.085707318,,,,
Burundi,BDI,People practicing open defecation (% of population),SH.STA.ODFC.ZS,,,,,,,,,,,,,,,,,,,,,,,,,,,,,,,,,,,,,,,,,2.92436705,2.84954889,2.774525329,2.699300713,2.623870417,2.548229065,2.472360186,2.396269754,2.319928109,2.243366108,2.166527905,2.089418793,2.012045268,1.934359634,1.85639572,1.778118078,1.699518706,1.620589595,1.54132286,1.461710419,1.456252945,1.450667925,1.444939256,
Belgium,BEL,People practicing open defecation (% of population),SH.STA.ODFC.ZS,,,,,,,,,,,,,,,,,,,,,,,,,,,,,,,,,,,,,,,,,0,0,0,0,0,0,0,0,0,0,0,0,0,0,0,0,0,0,0,0,0,0,0,
Benin,BEN,People practicing open defecation (% of population),SH.STA.ODFC.ZS,,,,,,,,,,,,,,,,,,,,,,,,,,,,,,,,,,,,,,,,,68.28446871,67.3981925,66.48234562,65.51634196,64.5568316,63.60484397,62.65993296,61.72167713,60.79060872,59.8676648,58.95197322,58.04357122,57.1425203,56.24968532,55.36222847,54.48111397,53.60645866,52.73837685,51.87699787,51.02243269,50.17480758,49.3349376,48.50220976,
Burkina Faso,BFA,People practicing open defecation (% of population),SH.STA.ODFC.ZS,,,,,,,,,,,,,,,,,,,,,,,,,,,,,,,,,,,,,,,,,73.97530949,73.42936155,71.241145,69.06348175,66.89524225,64.74051746,62.5982178,60.58270828,58.66909463,56.77011863,54.88489701,53.0139188,51.15824646,49.31830607,47.49397445,45.68626709,43.89560947,42.12392887,40.37100761,38.63670543,36.92228527,35.22758501,33.55374858,
Bangladesh,BGD,People practicing open defecation (% of population),SH.STA.ODFC.ZS,,,,,,,,,,,,,,,,,,,,,,,,,,,,,,,,,,,,,,,,,16.85235758,15.86904091,14.87246308,13.88569704,12.90921186,11.9435566,10.98866857,10.04498993,9.112926463,8.192850354,7.284876903,6.389450863,5.50711652,4.638193615,3.78259352,2.940539801,2.111991036,1.297023835,0.495642013,0.013941243,0,0,0,
Bulgaria,BGR,People practicing open defecation (% of population),SH.STA.ODFC.ZS,,,,,,,,,,,,,,,,,,,,,,,,,,,,,,,,,,,,,,,,,0,0,0,0,0,0,0,0,0,0,0,0,0,0,0,0,0,0,0,0,0,0,0,
Bahrain,BHR,People practicing open defecation (% of population),SH.STA.ODFC.ZS,,,,,,,,,,,,,,,,,,,,,,,,,,,,,,,,,,,,,,,,,0,0,0,0,0,0,0,0,0,0,0,0,0,0,0,0,0,0,0,0,0,0,0,
"Bahamas, The",BHS,People practicing open defecation (% of population),SH.STA.ODFC.ZS,,,,,,,,,,,,,,,,,,,,,,,,,,,,,,,,,,,,,,,,,1.136466193,1.075581496,1.0146968,0.953812103,0.892927406,0.832042709,0.771158012,0.710273315,0.649388618,0.588503921,0.527619224,0.466734528,0.405849831,0.344965134,0.284080437,0.22319574,0.22319574,0.22319574,0.22319574,0.22319574,,,,
Bosnia and Herzegovina,BIH,People practicing open defecation (% of population),SH.STA.ODFC.ZS,,,,,,,,,,,,,,,,,,,,,,,,,,,,,,,,,,,,,,,,,0.661041379,0.596056436,0.531377464,0.467014522,0.402961579,0.339229121,0.275813674,0.212712234,0.149929783,0.087466334,0.025321888,0,0,0,0,0,0,0,0,,,,,
Belarus,BLR,People practicing open defecation (% of population),SH.STA.ODFC.ZS,,,,,,,,,,,,,,,,,,,,,,,,,,,,,,,,,,,,,,,,,0,0,0,0,0,0,0,0,0,0,0,0,0,0,0,0,0,0,0,0,0,0,0,
Belize,BLZ,People practicing open defecation (% of population),SH.STA.ODFC.ZS,,,,,,,,,,,,,,,,,,,,,,,,,,,,,,,,,,,,,,,,,4.468299729,4.252535619,4.036655017,3.820657878,3.604544576,3.388314359,3.171967774,2.955504944,2.738925396,2.52222932,2.305416933,2.088128558,1.870521009,1.652779532,1.435099808,1.21764914,1.000612645,0.784175766,0.568513296,0.568915261,0.569365336,0.569863505,0.570415498,
Bermuda,BMU,People practicing open defecation (% of population),SH.STA.ODFC.ZS,,,,,,,,,,,,,,,,,,,,,,,,,,,,,,,,,,,,,,,,,0,0,0,0,0,0,0,0,0,0,0,0,0,0,0,0,0,0,0,0,0,0,0,
Bolivia,BOL,People practicing open defecation (% of population),SH.STA.ODFC.ZS,,,,,,,,,,,,,,,,,,,,,,,,,,,,,,,,,,,,,,,,,33.2074842,31.92563502,30.6715344,29.430481,28.19770065,26.97402113,25.75805833,24.55105481,23.35166877,22.16110393,20.97885969,19.8044783,18.63829094,17.5006183,16.38233784,15.2703004,14.16410076,13.06441182,11.96913206,10.87833219,9.792407346,9.107793216,8.553030605,
Brazil,BRA,People practicing open defecation (% of population),SH.STA.ODFC.ZS,,,,,,,,,,,,,,,,,,,,,,,,,,,,,,,,,,,,,,,,,8.910025775,8.367750012,7.845655653,7.33410608,6.833189091,6.34268463,5.862148373,5.391408272,4.930287484,4.478986427,4.036900226,3.602450539,3.177130993,2.761021317,2.353523116,1.954703722,1.564429071,1.182369733,0.808418619,0.521852707,0.304128182,0.094448477,0.092676164,
Barbados,BRB,People practicing open defecation (% of population),SH.STA.ODFC.ZS,,,,,,,,,,,,,,,,,,,,,,,,,,,,,,,,,,,,,,,,,0.702272727,0.711363636,0.720454545,0.729545455,0.738636364,0.747727273,0.756818182,0.765909091,0.775,0.784090909,0.793181818,0.802272727,0.811363636,0.820454545,0.829545455,0.829545455,0.829545455,0.828895303,0.82469386,,,,,
Brunei Darussalam,BRN,People practicing open defecation (% of population),SH.STA.ODFC.ZS,,,,,,,,,,,,,,,,,,,,,,,,,,,,,,,,,,,,,,,,,,,,,,3.12,3.12,3.12,3.12,3.12,2.86,2.6,2.34,2.08,1.82,1.56,1.3,1.04,0.78,0.52,0.26,0,0,
Bhutan,BTN,People practicing open defecation (% of population),SH.STA.ODFC.ZS,,,,,,,,,,,,,,,,,,,,,,,,,,,,,,,,,,,,,,,,,9.897073645,9.817619092,9.200051875,8.589195293,7.985317283,7.391477017,6.827650502,6.269195419,5.716229993,5.16900271,4.627517222,4.091879998,3.562669775,3.039870595,2.523411868,2.013187182,1.509105724,1.011061408,0.518924155,0.114486353,0,0,0,
Botswana,BWA,People practicing open defecation (% of population),SH.STA.ODFC.ZS,,,,,,,,,,,,,,,,,,,,,,,,,,,,,,,,,,,,,,,,,22.90075467,21.84991633,20.95124812,20.08413204,19.22885668,18.38647911,17.55586774,16.3888465,15.2649983,14.18714295,13.15296218,12.16285242,11.35339013,10.59171963,9.852669648,9.136155983,8.441826037,7.769726038,7.121256756,6.495436442,5.891648735,5.309223577,5.213498612,
Central African Republic,CAF,People practicing open defecation (% of population),SH.STA.ODFC.ZS,,,,,,,,,,,,,,,,,,,,,,,,,,,,,,,,,,,,,,,,,22.66508927,22.8377356,23.00990791,23.18190635,23.35373119,23.51901732,23.67769752,23.82939851,23.97435996,24.11251129,24.24347864,24.36750294,24.48420436,24.59351426,24.69567418,24.79030336,24.87701935,24.95637813,25.02799599,25.09180399,25.14773232,25.19570959,25.04463531,
Canada,CAN,People practicing open defecation (% of population),SH.STA.ODFC.ZS,,,,,,,,,,,,,,,,,,,,,,,,,,,,,,,,,,,,,,,,,0,0,0,0,0,0,0,0,0,0,0,0,0,0,0,0,0,0,0,0,0,0,0,
Central Europe and the Baltics,CEB,People practicing open defecation (% of population),SH.STA.ODFC.ZS,,,,,,,,,,,,,,,,,,,,,,,,,,,,,,,,,,,,,,,,,0,0,0,0,0,0,0,0,0,0,0,0,0,0,0,0,0,0,0,0,0,0,0,
Switzerland,CHE,People practicing open defecation (% of population),SH.STA.ODFC.ZS,,,,,,,,,,,,,,,,,,,,,,,,,,,,,,,,,,,,,,,,,0,0,0,0,0,0,0,0,0,0,0,0,0,0,0,0,0,0,0,0,0,0,0,
Channel Islands,CHI,People practicing open defecation (% of population),SH.STA.ODFC.ZS,,,,,,,,,,,,,,,,,,,,,,,,,,,,,,,,,,,,,,,,,,,,,,,,,,,,,,,,,,,,,,,,
Chile,CHL,People practicing open defecation (% of population),SH.STA.ODFC.ZS,,,,,,,,,,,,,,,,,,,,,,,,,,,,,,,,,,,,,,,,,2.299664806,2.174354886,2.049619779,1.927071513,1.804515188,1.681986336,1.559449354,1.436927946,1.314398602,1.191884653,1.069385965,0.946879421,0.824388136,0.701900515,0.579416558,0.456830564,0.333480549,0,0,0,0,0,0,
China,CHN,People practicing open defecation (% of population),SH.STA.ODFC.ZS,,,,,,,,,,,,,,,,,,,,,,,,,,,,,,,,,,,,,,,,,2.530951797,2.486170761,2.321865679,2.161918288,2.00649762,1.855904756,1.711349382,1.572070085,1.437551265,1.308018001,1.183396183,1.064909997,0.951729806,0.843322079,0.739603207,0.640593908,0.546266161,0.456640252,0.371749877,0.291428436,0.215474035,0.143684927,0.104456783,
Cote d'Ivoire,CIV,People practicing open defecation (% of population),SH.STA.ODFC.ZS,,,,,,,,,,,,,,,,,,,,,,,,,,,,,,,,,,,,,,,,,36.68742285,35.89974266,35.11957689,34.34750088,33.58304656,32.82773415,32.08058396,31.34162262,30.61088531,29.88929054,29.1759365,28.4708592,27.77449923,27.08685803,26.40793703,25.73428601,25.06693014,24.40572457,23.75091917,23.10310205,22.46249391,21.82930903,21.20376425,
Cameroon,CMR,People practicing open defecation (% of population),SH.STA.ODFC.ZS,,,,,,,,,,,,,,,,,,,,,,,,,,,,,,,,,,,,,,,,,8.539538374,8.31422041,8.091515157,7.871565958,7.654253613,7.439964935,7.228449855,7.019715784,6.813769059,6.610731161,6.410490801,6.213164926,6.01875333,5.827361016,5.638979774,5.453603432,5.271225081,5.092027051,4.915802362,4.742724959,4.572684323,4.405838225,4.250463427,
"Congo, Dem. Rep.",COD,People practicing open defecation (% of population),SH.STA.ODFC.ZS,,,,,,,,,,,,,,,,,,,,,,,,,,,,,,,,,,,,,,,,,10.45708725,10.55699395,10.65522218,10.7517586,10.84659237,10.93919612,11.02928147,11.11680926,11.20200815,11.28457901,11.36475738,11.44223728,11.51725867,11.5897931,11.65966769,11.72699319,11.79173844,11.85402064,11.91366682,11.97079688,12.02538383,11.93615586,11.84618036,
"Congo, Rep.",COG,People practicing open defecation (% of population),SH.STA.ODFC.ZS,,,,,,,,,,,,,,,,,,,,,,,,,,,,,,,,,,,,,,,,,8.237054022,8.176407275,8.246894577,8.312875869,8.374381797,8.431444799,8.484094986,8.532201232,8.575443564,8.613805227,8.647093968,8.675644983,8.699268889,8.717951944,8.731874679,8.741039368,8.745446295,8.745093676,8.646986801,8.548880681,8.450988949,8.353527788,,
Colombia,COL,People practicing open defecation (% of population),SH.STA.ODFC.ZS,,,,,,,,,,,,,,,,,,,,,,,,,,,,,,,,,,,,,,,,,8.364190118,8.025164659,7.693063604,7.367803867,7.049523998,6.738118578,6.433480944,6.13570754,5.8444748,5.559676647,5.281389116,5.009484889,4.743667352,4.483992679,4.230332436,3.982412853,3.740129599,3.50350614,3.27241526,3.046731477,2.826214889,2.610863573,2.400453008,
Comoros,COM,People practicing open defecation (% of population),SH.STA.ODFC.ZS,,,,,,,,,,,,,,,,,,,,,,,,,,,,,,,,,,,,,,,,,0.66289775,0.657883747,0.652870407,0.647858528,0.642846463,0.637821495,0.632783198,0.627731268,0.622666195,0.617586774,0.61249175,0.60738257,0.602258011,0.597116758,0.59196026,0.591839378,0.591702905,0.591551802,0.591386004,,,,,
Cabo Verde,CPV,People practicing open defecation (% of population),SH.STA.ODFC.ZS,,,,,,,,,,,,,,,,,,,,,,,,,,,,,,,,,,,,,,,,,51.1227361,48.86952335,46.63675602,44.42544356,42.23477295,40.06596443,37.91787231,35.79128877,33.68514473,31.60097909,29.54058382,27.5755638,25.62278159,23.68239844,21.75430548,19.83839974,17.93515114,16.04453396,14.16612833,12.30004087,10.44569607,8.603019033,8.543565723,
Costa Rica,CRI,People practicing open defecation (% of population),SH.STA.ODFC.ZS,,,,,,,,,,,,,,,,,,,,,,,,,,,,,,,,,,,,,,,,,0.769481294,0.731967436,0.695218522,0.659229351,0.62400502,0.589558615,0.555856696,0.522898566,0.49066161,0.459164314,0.428354295,0.398233443,0.368872625,0.340231676,0.312267322,0.284931351,0.258181195,0.23198124,0.206289177,0.181069639,0.156284783,0.131904188,0.107892511,
Caribbean small states,CSS,People practicing open defecation (% of population),SH.STA.ODFC.ZS,,,,,,,,,,,,,,,,,,,,,,,,,,,,,,,,,,,,,,,,,3.725546447,3.608837112,3.490735836,3.371711342,3.243115545,3.117555294,2.991911202,2.865459302,2.738088523,2.551003523,2.425901556,2.29972496,2.170206748,2.037487289,1.92003537,1.797390281,1.680936366,1.563496417,1.246248498,1.128264194,1.178682007,1.15612668,1.134171082,
Cuba,CUB,People practicing open defecation (% of population),SH.STA.ODFC.ZS,,,,,,,,,,,,,,,,,,,,,,,,,,,,,,,,,,,,,,,,,1.70601242,1.625239184,1.545246871,1.468096207,1.3934729,1.319167482,1.245148751,1.171416505,1.097970649,1.024833556,0.951979941,0.879409723,0.807122974,0.735853918,0.664899765,0.594037498,0.523294357,0.452528536,0.381800179,0.311176011,0.240706317,0.170451187,0.170054442,
Curacao,CUW,People practicing open defecation (% of population),SH.STA.ODFC.ZS,,,,,,,,,,,,,,,,,,,,,,,,,,,,,,,,,,,,,,,,,0.961187829,0.908227335,0.855266841,0.802306347,0.749345853,0.69638536,0.643424866,0.590464372,0.537503878,0.484543385,0.431582891,0.378622397,0.325661903,0.272701409,0.272701409,0.272701409,0.272701409,0.272701409,,,,,,
Cayman Islands,CYM,People practicing open defecation (% of population),SH.STA.ODFC.ZS,,,,,,,,,,,,,,,,,,,,,,,,,,,,,,,,,,,,,,,,,,0,0,0,0,0,0,0,0,0,0,0,0,0,0,0,0,0,0,0,0,0,0,
Cyprus,CYP,People practicing open defecation (% of population),SH.STA.ODFC.ZS,,,,,,,,,,,,,,,,,,,,,,,,,,,,,,,,,,,,,,,,,0,0,0,0,0,0,0,0,0,0,0,0,0,0,0,0,0,0,0,0,0,0,0,
Czechia,CZE,People practicing open defecation (% of population),SH.STA.ODFC.ZS,,,,,,,,,,,,,,,,,,,,,,,,,,,,,,,,,,,,,,,,,0,0,0,0,0,0,0,0,0,0,0,0,0,0,0,0,0,0,0,0,0,0,0,
Germany,DEU,People practicing open defecation (% of population),SH.STA.ODFC.ZS,,,,,,,,,,,,,,,,,,,,,,,,,,,,,,,,,,,,,,,,,0,0,0,0,0,0,0,0,0,0,0,0,0,0,0,0,0,0,0,0,0,0,0,
Djibouti,DJI,People practicing open defecation (% of population),SH.STA.ODFC.ZS,,,,,,,,,,,,,,,,,,,,,,,,,,,,,,,,,,,,,,,,,19.29301161,19.26379337,19.23457177,19.20534977,19.17613176,19.0031232,18.82961257,18.65622575,18.48297148,18.31047238,18.13182923,17.94708818,17.75691248,17.56071717,17.35978722,17.15229836,16.9401482,16.7227543,16.50015916,16.2723925,16.18210273,16.08689571,15.98677507,
Dominica,DMA,People practicing open defecation (% of population),SH.STA.ODFC.ZS,,,,,,,,,,,,,,,,,,,,,,,,,,,,,,,,,,,,,,,,,16.27560982,15.45218353,14.62875724,13.80533095,12.98190466,12.15847837,11.33505207,10.51162578,9.688199492,8.864773201,8.04134691,7.217920618,6.394494327,5.571068036,5.571068036,5.571068036,5.571068036,5.571068036,,,,,,
Denmark,DNK,People practicing open defecation (% of population),SH.STA.ODFC.ZS,,,,,,,,,,,,,,,,,,,,,,,,,,,,,,,,,,,,,,,,,0,0,0,0,0,0,0,0,0,0,0,0,0,0,0,0,0,0,0,0,0,0,0,
Dominican Republic,DOM,People practicing open defecation (% of population),SH.STA.ODFC.ZS,,,,,,,,,,,,,,,,,,,,,,,,,,,,,,,,,,,,,,,,,5.230018675,5.058579134,4.889884677,4.694866627,4.49265721,4.296453799,4.105871109,3.920977118,3.74164224,3.568203077,3.400098126,3.243067638,3.0944696,2.950146375,2.809875164,2.673493963,2.540943664,2.412251476,2.287973644,2.167875816,2.051730346,1.939232675,1.830175388,
Algeria,DZA,People practicing open defecation (% of population),SH.STA.ODFC.ZS,,,,,,,,,,,,,,,,,,,,,,,,,,,,,,,,,,,,,,,,,6.233949014,5.816862814,5.411176611,5.017042007,4.634333907,4.263134058,3.903086277,3.554243661,3.216277936,2.890114056,2.574999387,2.270808214,1.977114621,1.693614729,1.419856787,1.155577751,0.900352443,0.653890725,0.415795121,0.185741475,0,0,0,
East Asia & Pacific (excluding high income),EAP,People practicing open defecation (% of population),SH.STA.ODFC.ZS,,,,,,,,,,,,,,,,,,,,,,,,,,,,,,,,,,,,,,,,,8.07952722,7.817260803,7.3777762,7.024765532,6.674502648,6.329097609,5.991034233,5.658332686,5.328914029,5.002234223,4.68006899,4.363441812,4.048307607,3.738085965,3.431830994,3.129760472,2.831976667,2.571825274,2.27938585,1.994815923,1.72294601,1.458040419,1.215281717,
Early-demographic dividend,EAR,People practicing open defecation (% of population),SH.STA.ODFC.ZS,,,,,,,,,,,,,,,,,,,,,,,,,,,,,,,,,,,,,,,,,43.84940007,42.11763604,40.36789655,38.61709337,36.86503092,35.11687224,32.91867686,31.20201008,29.43452182,27.74482391,26.06097531,24.39137503,22.73905178,21.09584968,19.45652989,18.04927834,16.41091627,15.24491343,13.5523452,11.89951828,10.30206821,8.742053842,7.37047322,
East Asia & Pacific,EAS,People practicing open defecation (% of population),SH.STA.ODFC.ZS,,,,,,,,,,,,,,,,,,,,,,,,,,,,,,,,,,,,,,,,,7.237361174,7.005432689,6.623725332,6.309912771,5.998469619,5.690748096,5.388913947,5.091004729,4.795562164,4.503034146,4.214459192,3.931114248,3.649106816,3.3713111,3.096528703,2.825138106,2.55734513,2.320107549,2.056994944,1.800672694,1.555862485,1.317527261,1.09847861,
Europe & Central Asia (excluding high income),ECA,People practicing open defecation (% of population),SH.STA.ODFC.ZS,,,,,,,,,,,,,,,,,,,,,,,,,,,,,,,,,,,,,,,,,0.310379643,0.30461717,0.291415093,0.277952643,0.26438757,0.250679352,0.236776315,0.22279212,0.209132195,0.195631887,0.183501915,0.172160506,0.161380997,0.150666792,0.140104127,0.125841952,0.115155306,0.104794471,0.094643225,0.088878836,0.082334814,0.081384318,0.082506391,
Europe & Central Asia,ECS,People practicing open defecation (% of population),SH.STA.ODFC.ZS,,,,,,,,,,,,,,,,,,,,,,,,,,,,,,,,,,,,,,,,,0.087534567,0.083456247,0.079723911,0.075875578,0.072005175,0.06810629,0.064289659,0.060246738,0.056392052,0.052618625,0.049246761,0.046114212,0.042974035,0.039841082,0.036746146,0.032958406,0.030296505,0.027694619,0.025129164,0.023489646,0.021193229,0.02108772,0.021250221,
Ecuador,ECU,People practicing open defecation (% of population),SH.STA.ODFC.ZS,,,,,,,,,,,,,,,,,,,,,,,,,,,,,,,,,,,,,,,,,13.16938183,12.46580565,11.80955142,11.18354567,10.56115622,9.942565422,9.327745868,8.716339762,8.108686288,7.504759691,6.904392655,6.311967089,5.725353339,5.141241343,4.559732072,3.980614194,3.404080469,2.830029956,2.315791343,1.893227131,1.473821227,1.058088218,0.645970879,
"Egypt, Arab Rep.",EGY,People practicing open defecation (% of population),SH.STA.ODFC.ZS,,,,,,,,,,,,,,,,,,,,,,,,,,,,,,,,,,,,,,,,,1.781782134,1.681040966,1.580392792,1.47983785,1.379376083,1.279007529,1.178732055,1.078920846,0.979320897,0.87967335,0.779993342,0.680267852,0.580643549,0.480906901,0.381064934,0.281113603,0.181052966,0.080912886,0.042789563,0.024814738,0.006822312,0.00683491,0.006851653,
Euro area,EMU,People practicing open defecation (% of population),SH.STA.ODFC.ZS,,,,,,,,,,,,,,,,,,,,,,,,,,,,,,,,,,,,,,,,,0.021629066,0.020074425,0.018383317,0.016695988,0.015047506,0.013448563,0.011891982,0.010358254,0.008863363,0.007414279,0.005990914,0.004604601,0.003215537,0.001866798,0.000571012,0,0,0,0,0,0,0,0,
Eritrea,ERI,People practicing open defecation (% of population),SH.STA.ODFC.ZS,,,,,,,,,,,,,,,,,,,,,,,,,,,,,,,,,,,,,,,,,82.72894016,81.49133373,80.24562771,78.99247408,77.73192795,76.46519218,75.19118507,73.91166438,72.62499819,71.56416774,70.50199941,69.43795534,68.3726092,68.03421014,67.69357863,67.35015535,67.00394546,,,,,,,
Spain,ESP,People practicing open defecation (% of population),SH.STA.ODFC.ZS,,,,,,,,,,,,,,,,,,,,,,,,,,,,,,,,,,,,,,,,,0,0,0,0,0,0,0,0,0,0,0,0,0,0,0,0,0,0,0,0,0,0,0,
Estonia,EST,People practicing open defecation (% of population),SH.STA.ODFC.ZS,,,,,,,,,,,,,,,,,,,,,,,,,,,,,,,,,,,,,,,,,0,0,0,0,0,0,0,0,0,0,0,0,0,0,0,0,0,0,0,0,0,0,0,
Ethiopia,ETH,People practicing open defecation (% of population),SH.STA.ODFC.ZS,,,,,,,,,,,,,,,,,,,,,,,,,,,,,,,,,,,,,,,,,75.4571099,72.66016565,69.86876046,67.08483793,64.30792411,61.5381398,58.77510909,56.01181724,53.17633134,50.3548185,47.54640418,44.75245703,41.97266965,39.21433213,36.47082184,33.74295637,31.03088426,28.33565583,25.65690083,22.99518906,20.35129516,17.72554037,17.63515415,
European Union,EUU,People practicing open defecation (% of population),SH.STA.ODFC.ZS,,,,,,,,,,,,,,,,,,,,,,,,,,,,,,,,,,,,,,,,,0.017317782,0.015262648,0.014012325,0.012749096,0.011509642,0.010302807,0.009122792,0.007960225,0.006822432,0.005711739,0.004619402,0.003548993,0.002480024,0.001441073,0.000441162,0,0,0,0,0,0,0,0,
Fragile and conflict affected situations,FCS,People practicing open defecation (% of population),SH.STA.ODFC.ZS,,,,,,,,,,,,,,,,,,,,,,,,,,,,,,,,,,,,,,,,,28.94039996,28.51281309,28.021666,27.46500349,26.90902914,26.25046801,25.5865816,24.95676139,24.06321126,23.36401689,22.6573397,22.59174726,21.90820375,21.2283957,20.54212449,19.84869732,19.14499813,18.63159721,17.93027728,17.25501434,16.57930203,15.91400069,16.20825628,
Finland,FIN,People practicing open defecation (% of population),SH.STA.ODFC.ZS,,,,,,,,,,,,,,,,,,,,,,,,,,,,,,,,,,,,,,,,,0,0,0,0,0,0,0,0,0,0,0,0,0,0,0,0,0,0,0,0,0,0,0,
Fiji,FJI,People practicing open defecation (% of population),SH.STA.ODFC.ZS,,,,,,,,,,,,,,,,,,,,,,,,,,,,,,,,,,,,,,,,,0.511418145,0.50816814,0.50491815,0.477491823,0.450405267,0.423680675,0.397295846,0.371258236,0.345026236,0.319106672,0.29363463,0.268620068,0.244053956,0.219951299,0.196299198,0.173097598,0.150348637,0.128052646,0.106205771,0.084809002,0,0,0,
France,FRA,People practicing open defecation (% of population),SH.STA.ODFC.ZS,,,,,,,,,,,,,,,,,,,,,,,,,,,,,,,,,,,,,,,,,0,0,0,0,0,0,0,0,0,0,0,0,0,0,0,0,0,0,0,0,0,0,0,
Faroe Islands,FRO,People practicing open defecation (% of population),SH.STA.ODFC.ZS,,,,,,,,,,,,,,,,,,,,,,,,,,,,,,,,,,,,,,,,,,,,,,,,0,0,0,0,0,0,0,0,0,,,,,,,,
"Micronesia, Fed. Sts.",FSM,People practicing open defecation (% of population),SH.STA.ODFC.ZS,,,,,,,,,,,,,,,,,,,,,,,,,,,,,,,,,,,,,,,,,,,,,,,9.5,9.5,9.5,9.5,9.5,9.5,9.5,9.5,9.5,,,,,,,,,
Gabon,GAB,People practicing open defecation (% of population),SH.STA.ODFC.ZS,,,,,,,,,,,,,,,,,,,,,,,,,,,,,,,,,,,,,,,,,2.186513342,2.169234054,2.153019331,2.137870168,2.123761922,2.110693201,2.098594004,2.08746321,2.077233142,2.067945871,2.059513601,2.051934588,2.045146264,2.039186485,2.034164737,2.030067329,2.026823282,2.024365567,2.022647506,2.021641295,2.021268776,2.021505831,2.022312167,
United Kingdom,GBR,People practicing open defecation (% of population),SH.STA.ODFC.ZS,,,,,,,,,,,,,,,,,,,,,,,,,,,,,,,,,,,,,,,,,0,0,0,0,0,0,0,0,0,0,0,0,0,0,0,0,0,0,0,0,0,0,0,
Georgia,GEO,People practicing open defecation (% of population),SH.STA.ODFC.ZS,,,,,,,,,,,,,,,,,,,,,,,,,,,,,,,,,,,,,,,,,0.91758631,0.922235965,0.868207256,0.808371237,0.749547787,0.691609416,0.634539122,0.578336664,0.523013686,0.4685668,0.414983424,0.362271696,0.310421118,0.25944365,0.209322901,0.160062569,0.111636258,0.064075187,0.017395562,0.002728814,0.002917874,0.003109561,0.003303972,
Ghana,GHA,People practicing open defecation (% of population),SH.STA.ODFC.ZS,,,,,,,,,,,,,,,,,,,,,,,,,,,,,,,,,,,,,,,,,20.88903757,20.70933295,20.53029914,20.351938,20.17402974,19.9974867,19.82163062,19.6466905,19.47266817,19.30023631,19.12849894,18.95812947,18.78934198,18.62257179,18.45781045,18.2950456,18.13426853,17.97568593,17.81928424,17.66526448,17.51339959,17.36389101,17.21672101,
Gibraltar,GIB,People practicing open defecation (% of population),SH.STA.ODFC.ZS,,,,,,,,,,,,,,,,,,,,,,,,,,,,,,,,,,,,,,,,,0,0,0,0,0,0,0,0,0,0,0,0,0,0,0,0,0,0,0,0,0,0,0,
Guinea,GIN,People practicing open defecation (% of population),SH.STA.ODFC.ZS,,,,,,,,,,,,,,,,,,,,,,,,,,,,,,,,,,,,,,,,,28.72702685,27.67311625,26.62611319,25.5857043,24.55230626,23.52596208,22.50639519,21.49398711,20.48877625,19.49080157,18.49984406,17.51623097,16.53999744,15.57118667,14.60983745,13.65348852,12.70269631,11.75801454,10.81999938,9.889345213,8.966315122,8.051616258,7.145706012,
"Gambia, The",GMB,People practicing open defecation (% of population),SH.STA.ODFC.ZS,,,,,,,,,,,,,,,,,,,,,,,,,,,,,,,,,,,,,,,,,5.442684053,5.114486188,4.793709331,4.483103114,4.189413463,3.901850659,3.620402284,3.345055368,3.075744571,2.812667031,2.555637232,2.304725206,2.059819632,1.821071718,1.588435239,1.361847955,1.141250782,0.926503818,0.717507367,0.514137298,0.316269705,0.123779995,0.065430815,
Guinea-Bissau,GNB,People practicing open defecation (% of population),SH.STA.ODFC.ZS,,,,,,,,,,,,,,,,,,,,,,,,,,,,,,,,,,,,,,,,,36.48334601,35.02208741,33.57253003,32.13574347,30.71133758,29.30026719,27.90131057,26.51540318,25.14222614,23.78258793,22.43514561,21.10074326,19.77918492,18.47091,17.17575451,15.89387606,14.62566046,13.37121366,12.13044255,10.90367975,9.691032587,8.492603814,8.430775816,
Equatorial Guinea,GNQ,People practicing open defecation (% of population),SH.STA.ODFC.ZS,,,,,,,,,,,,,,,,,,,,,,,,,,,,,,,,,,,,,,,,,10.67990369,10.01383434,9.358391635,8.713917111,8.080384644,7.458110133,6.846821323,6.246547395,5.65713783,5.078556757,4.510490477,3.952703989,3.404912821,2.876913933,2.871056556,2.86526434,2.859591709,2.854071322,,,,,,
Greece,GRC,People practicing open defecation (% of population),SH.STA.ODFC.ZS,,,,,,,,,,,,,,,,,,,,,,,,,,,,,,,,,,,,,,,,,0.652111962,0.604077281,0.553831648,0.50449465,0.456030128,0.408462589,0.361766322,0.315919847,0.270913313,0.226748831,0.183404948,0.140864727,0.099115489,0.058153864,0.017966652,0,0,0,0,0,0,0,0,
Grenada,GRD,People practicing open defecation (% of population),SH.STA.ODFC.ZS,,,,,,,,,,,,,,,,,,,,,,,,,,,,,,,,,,,,,,,,,1.873059361,2.001369863,2.129680365,2.257990868,2.38630137,2.514611872,2.642922374,2.771232877,2.899543379,3.027853881,3.156164384,3.284474886,3.412785388,3.54109589,3.54109589,3.54109589,3.54109589,3.54109589,,,,,,
Greenland,GRL,People practicing open defecation (% of population),SH.STA.ODFC.ZS,,,,,,,,,,,,,,,,,,,,,,,,,,,,,,,,,,,,,,,,,,,,,,,,,,,,,,,0,0,0,0,0,0,0,0,0,
Guatemala,GTM,People practicing open defecation (% of population),SH.STA.ODFC.ZS,,,,,,,,,,,,,,,,,,,,,,,,,,,,,,,,,,,,,,,,,13.51038962,12.89265841,12.27994812,11.67621876,11.07956779,10.48765795,9.900332804,9.317465045,8.739079002,8.165530086,7.596358575,7.031898362,6.471949803,5.915653228,5.363286275,4.814997191,4.271281711,3.732295286,3.198339196,2.669782229,2.146852948,1.629829375,1.118988912,
Guam,GUM,People practicing open defecation (% of population),SH.STA.ODFC.ZS,,,,,,,,,,,,,,,,,,,,,,,,,,,,,,,,,,,,,,,,,0,0.0611,0.1222,0.1833,0.2444,0.3055,0.3666,0.4277,0.4888,0.5499,0.611,0.6721,0.7332,0.7332,0.7332,0.7332,0.7332,,,,,,,
Guyana,GUY,People practicing open defecation (% of population),SH.STA.ODFC.ZS,,,,,,,,,,,,,,,,,,,,,,,,,,,,,,,,,,,,,,,,,1.307433142,1.261778153,1.216070796,1.171414748,1.126910558,1.082253118,1.037435219,0.992466502,0.947347773,0.902072843,0.856650353,0.8110812,0.76390028,0.716719433,0.669458767,0.622136358,0.574758609,0.527333342,0.479887372,0.432418868,0.384945159,0.337478754,0.29003218,
High income,HIC,People practicing open defecation (% of population),SH.STA.ODFC.ZS,,,,,,,,,,,,,,,,,,,,,,,,,,,,,,,,,,,,,,,,,0.060675363,0.064669207,0.062577715,0.060466122,0.058266555,0.056678527,0.05330947,0.049905509,0.046501804,0.043179921,0.039933628,0.036721205,0.033301758,0.029770024,0.02648402,0.024065008,0.021803149,0.016588524,0.01586984,0.015003398,0.01429373,0.013678501,0.013659514,
"Hong Kong SAR, China",HKG,People practicing open defecation (% of population),SH.STA.ODFC.ZS,,,,,,,,,,,,,,,,,,,,,,,,,,,,,,,,,,,,,,,,,0,0,0,0,0,0,0,0,0,0,0,0,0,0,0,0,0,0,0,0,0,0,0,
Honduras,HND,People practicing open defecation (% of population),SH.STA.ODFC.ZS,,,,,,,,,,,,,,,,,,,,,,,,,,,,,,,,,,,,,,,,,18.57196568,17.82914297,17.06003965,16.30004449,15.55133902,14.81513981,14.09052248,13.37795841,12.67724796,11.98898768,11.31258188,10.64857177,9.996417221,9.356755071,8.729072334,8.114046361,7.511284994,6.920825864,6.342664643,5.776664902,5.222691267,4.680684335,4.150411165,
Heavily indebted poor countries (HIPC),HPC,People practicing open defecation (% of population),SH.STA.ODFC.ZS,,,,,,,,,,,,,,,,,,,,,,,,,,,,,,,,,,,,,,,,,36.94878645,36.15806959,35.26716135,34.36430065,33.48171072,32.48460154,31.48350133,30.53691045,29.53107861,28.52128867,27.51718099,26.5168545,25.53579014,24.56799127,23.60148267,22.64124602,21.68933095,20.54381779,19.61280692,18.70641469,17.79538875,17.08352151,16.73681217,
Croatia,HRV,People practicing open defecation (% of population),SH.STA.ODFC.ZS,,,,,,,,,,,,,,,,,,,,,,,,,,,,,,,,,,,,,,,,,0,0,0,0,0,0,0,0,0,0,0,0,0,0,0,0,0,0,0,0,0,0,,
Haiti,HTI,People practicing open defecation (% of population),SH.STA.ODFC.ZS,,,,,,,,,,,,,,,,,,,,,,,,,,,,,,,,,,,,,,,,,37.06716152,35.6633284,34.27816549,32.91534286,31.84074818,30.81365983,29.80251451,28.80856701,27.83091203,26.87205796,25.93072418,25.00765106,24.102893,23.21767215,22.3510894,21.5037127,20.6789266,19.87758513,19.09890236,18.34235528,18.13326492,17.92884264,17.72908633,
Hungary,HUN,People practicing open defecation (% of population),SH.STA.ODFC.ZS,,,,,,,,,,,,,,,,,,,,,,,,,,,,,,,,,,,,,,,,,0,0,0,0,0,0,0,0,0,0,0,0,0,0,0,0,0,0,0,0,0,0,0,
IBRD only,IBD,People practicing open defecation (% of population),SH.STA.ODFC.ZS,,,,,,,,,,,,,,,,,,,,,,,,,,,,,,,,,,,,,,,,,24.84416331,23.84571492,22.9281219,22.00184238,21.06488736,20.11706429,19.00266963,18.05713685,17.07987717,16.1226591,15.16778169,14.20994527,13.2445703,12.27611903,11.30725389,10.42478863,9.459162875,8.688707866,7.695610616,6.72615252,5.779988873,4.844346987,3.959928067,
IDA & IBRD total,IBT,People practicing open defecation (% of population),SH.STA.ODFC.ZS,,,,,,,,,,,,,,,,,,,,,,,,,,,,,,,,,,,,,,,,,26.06927309,25.12165236,24.23636875,23.33699503,22.43122157,21.50713754,20.44531371,19.52906734,18.58388773,17.65785623,16.73293215,15.90310733,14.97884196,14.05614852,13.13284863,12.28701665,11.3672452,10.62853785,9.692598634,8.789415945,7.925892431,7.014181444,6.290600985,
IDA total,IDA,People practicing open defecation (% of population),SH.STA.ODFC.ZS,,,,,,,,,,,,,,,,,,,,,,,,,,,,,,,,,,,,,,,,,30.40497182,29.60525058,28.76878324,27.90156293,27.043074,26.13974268,25.23486244,24.35022,23.45404586,22.56564722,21.66928836,21.1364736,20.27610021,19.43562816,18.59252824,17.74513423,16.89416118,16.11495119,15.26169081,14.46060901,13.72144763,12.95265022,12.5346219,
IDA blend,IDB,People practicing open defecation (% of population),SH.STA.ODFC.ZS,,,,,,,,,,,,,,,,,,,,,,,,,,,,,,,,,,,,,,,,,26.64701145,25.94448482,25.23818712,24.48605615,23.73741531,22.99177106,22.24677409,21.50288884,20.76018699,20.02043156,19.27203061,18.53063095,17.80606523,17.08531623,16.36790318,15.65516725,14.95009251,14.25392012,13.56465128,12.87683444,12.19191152,11.50822675,10.87462605,
Indonesia,IDN,People practicing open defecation (% of population),SH.STA.ODFC.ZS,,,,,,,,,,,,,,,,,,,,,,,,,,,,,,,,,,,,,,,,,32.57028679,31.06975356,29.58780365,28.12487513,26.68053186,25.25627889,23.8513657,22.46638227,21.10091435,19.75592749,18.4349798,17.15231782,15.88690931,14.63907712,13.40829904,12.19502238,10.99916958,9.821110118,8.660418739,7.517115663,6.390826164,5.281579583,4.189014287,
IDA only,IDX,People practicing open defecation (% of population),SH.STA.ODFC.ZS,,,,,,,,,,,,,,,,,,,,,,,,,,,,,,,,,,,,,,,,,32.30429663,31.46277519,30.56451637,29.63644899,28.72224544,27.73870301,26.75199679,25.79664782,24.82480204,23.86363773,22.8950501,22.45689055,21.52728371,20.62548433,19.71760708,18.79992899,17.87180263,17.06702675,16.1269709,15.2663444,14.497697,13.71831831,13.40564016,
Isle of Man,IMN,People practicing open defecation (% of population),SH.STA.ODFC.ZS,,,,,,,,,,,,,,,,,,,,,,,,,,,,,,,,,,,,,,,,,0,0,0,0,0,0,0,0,0,0,0,0,0,0,0,0,0,0,0,0,0,0,0,
India,IND,People practicing open defecation (% of population),SH.STA.ODFC.ZS,,,,,,,,,,,,,,,,,,,,,,,,,,,,,,,,,,,,,,,,,73.32535895,70.41261727,67.4651011,64.53086675,61.60947187,58.7022087,55.80862662,52.92835319,50.06158729,47.20944821,44.37155731,41.54764204,38.73439013,35.9329639,33.14375201,30.36755135,27.60515961,24.80281661,21.98932618,19.21257625,16.47276509,13.76988959,11.10435678,
Not classified,INX,People practicing open defecation (% of population),SH.STA.ODFC.ZS,,,,,,,,,,,,,,,,,,,,,,,,,,,,,,,,,,,,,,,,,,,,,,,,,,,,,,,,,,,,,,,,
Ireland,IRL,People practicing open defecation (% of population),SH.STA.ODFC.ZS,,,,,,,,,,,,,,,,,,,,,,,,,,,,,,,,,,,,,,,,,0,0,0,0,0,0,0,0,0,0,0,0,0,0,0,0,0,0,0,0,0,0,0,
"Iran, Islamic Rep.",IRN,People practicing open defecation (% of population),SH.STA.ODFC.ZS,,,,,,,,,,,,,,,,,,,,,,,,,,,,,,,,,,,,,,,,,0.537574687,0.527597224,0.517703387,0.507893204,0.498180466,0.488579222,0.479089581,0.470380179,0.462102741,0.453922907,0.445826658,0.437827995,0.430094108,0.422569189,0.415113977,0.407756286,0.400482205,,,,,,,
Iraq,IRQ,People practicing open defecation (% of population),SH.STA.ODFC.ZS,,,,,,,,,,,,,,,,,,,,,,,,,,,,,,,,,,,,,,,,,4.722322988,4.423269386,4.125191612,3.82808757,3.531958525,3.236805126,2.94271641,2.649502817,2.357263988,2.066063655,1.771986561,1.478208925,1.187446238,0.899671918,0.614839877,0.332950221,0.053996915,0.019919344,0.014788342,0.009630003,0.004442116,0.004456277,0.004471002,
Iceland,ISL,People practicing open defecation (% of population),SH.STA.ODFC.ZS,,,,,,,,,,,,,,,,,,,,,,,,,,,,,,,,,,,,,,,,,0,0,0,0,0,0,0,0,0,0,0,0,0,0,0,0,0,0,0,0,0,0,0,
Israel,ISR,People practicing open defecation (% of population),SH.STA.ODFC.ZS,,,,,,,,,,,,,,,,,,,,,,,,,,,,,,,,,,,,,,,,,0,0,0,0,0,0,0,0,0,0,0,0,0,0,0,0,0,0,0,0,0,0,0,
Italy,ITA,People practicing open defecation (% of population),SH.STA.ODFC.ZS,,,,,,,,,,,,,,,,,,,,,,,,,,,,,,,,,,,,,,,,,0,0,0,0,0,0,0,0,0,0,0,0,0,0,0,0,0,0,0,0,0,0,0,
Jamaica,JAM,People practicing open defecation (% of population),SH.STA.ODFC.ZS,,,,,,,,,,,,,,,,,,,,,,,,,,,,,,,,,,,,,,,,,0.867425418,0.8612647,0.855638799,0.850312437,0.845193866,0.840304505,0.835629146,0.831176105,0.82693833,0.82292168,0.819122952,0.815541188,0.812173069,0.80904523,0.806185749,0.803621404,0.801380427,0.7994885,0.797967229,0.796356558,0.797579804,0.798859311,0.800195167,
Jordan,JOR,People practicing open defecation (% of population),SH.STA.ODFC.ZS,,,,,,,,,,,,,,,,,,,,,,,,,,,,,,,,,,,,,,,,,0.23369166,0.226393603,0.238280324,0.233309358,0.228322223,0.213099416,0.195982369,0.180644207,0.16696056,0.154878437,0.144240752,0.134962681,0.126928563,0.120070633,0.114264142,0.11222563,0.110405721,0.108810586,0.107430173,0.106250869,0.105266928,0.104606922,0.103969134,
Japan,JPN,People practicing open defecation (% of population),SH.STA.ODFC.ZS,,,,,,,,,,,,,,,,,,,,,,,,,,,,,,,,,,,,,,,,,0,0,0,0,0,0,0,0,0,0,0,0,0,0,0,0,0,0,0,0,0,0,0,
Kazakhstan,KAZ,People practicing open defecation (% of population),SH.STA.ODFC.ZS,,,,,,,,,,,,,,,,,,,,,,,,,,,,,,,,,,,,,,,,,0.031330214,0.031278119,0.031209568,0.031141068,0.031072628,0.031004241,0.030935906,0.030867629,0.030799403,0.030731237,0.030663832,0.030595775,0.030527772,0.030459821,0.030392638,0.030324796,0.030257012,0.030189988,0.030124887,0.030045636,0.029952938,0.029846793,0.029727204,
Kenya,KEN,People practicing open defecation (% of population),SH.STA.ODFC.ZS,,,,,,,,,,,,,,,,,,,,,,,,,,,,,,,,,,,,,,,,,18.37884927,17.80468242,17.23315751,16.66435209,16.09834004,15.53553118,14.97564985,14.41877319,13.86497786,13.31463014,12.76749592,12.22297736,11.68135857,11.14252726,10.60689233,10.07447535,9.545431318,9.019912545,8.497974098,7.979971635,7.465865475,6.955909143,6.45017568,
Kyrgyz Republic,KGZ,People practicing open defecation (% of population),SH.STA.ODFC.ZS,,,,,,,,,,,,,,,,,,,,,,,,,,,,,,,,,,,,,,,,,0.108195306,0.108192247,0.100987781,0.09378229,0.086578448,0.079373839,0.072170634,0.064966904,0.057763682,0.050561484,0.043368556,0.036176462,0.02897626,0.021758461,0.014514249,0.010127808,0,0,0,0,0,0,0,
Cambodia,KHM,People practicing open defecation (% of population),SH.STA.ODFC.ZS,,,,,,,,,,,,,,,,,,,,,,,,,,,,,,,,,,,,,,,,,87.45093022,83.97971071,80.51342758,77.05207979,73.59510113,70.14255364,66.6950299,63.25202684,59.79585358,56.25417572,52.72545162,49.20999957,45.70813197,42.22054224,38.74677529,35.28754497,31.84316727,28.41424796,24.99942499,21.59958334,18.2150626,15.00306327,12.07622937,
Kiribati,KIR,People practicing open defecation (% of population),SH.STA.ODFC.ZS,,,,,,,,,,,,,,,,,,,,,,,,,,,,,,,,,,,,,,,,,42.6923152,42.26545673,41.97388581,41.68207138,41.39028443,41.09879221,40.68378248,40.17379255,39.66388133,39.1548597,38.64646262,38.13869554,37.63155893,37.12611495,36.62157082,36.11819017,35.61989532,35.1277056,34.64105578,34.1599147,33.68476336,33.21530348,32.75149877,
St. Kitts and Nevis,KNA,People practicing open defecation (% of population),SH.STA.ODFC.ZS,,,,,,,,,,,,,,,,,,,,,,,,,,,,,,,,,,,,,,,,,2.818260791,2.703007352,2.587753914,2.472500475,2.357247037,2.241993598,2.12674016,2.011486722,1.896233283,1.780979845,1.665726406,1.550472968,1.435219529,1.319966091,1.319966091,1.319966091,1.319966091,1.319966091,,,,,,
"Korea, Rep.",KOR,People practicing open defecation (% of population),SH.STA.ODFC.ZS,,,,,,,,,,,,,,,,,,,,,,,,,,,,,,,,,,,,,,,,,0,0,0,0,0,0,0,0,0,0,0,0,0,0,0,0,0,0,0,0,0,0,0,
Kuwait,KWT,People practicing open defecation (% of population),SH.STA.ODFC.ZS,,,,,,,,,,,,,,,,,,,,,,,,,,,,,,,,,,,,,,,,,0,0,0,0,0,0,0,0,0,0,0,0,0,0,0,0,0,0,0,0,0,0,0,
Latin America & Caribbean (excluding high income),LAC,People practicing open defecation (% of population),SH.STA.ODFC.ZS,,,,,,,,,,,,,,,,,,,,,,,,,,,,,,,,,,,,,,,,,10.55226402,10.02639162,9.513126823,9.001926804,8.503915986,8.014781394,7.106054803,6.665340312,6.233116743,5.808516399,5.390487789,4.97572378,4.569265311,4.169685455,3.77657969,3.550968759,3.14428336,2.750763229,2.365672775,2.022447971,1.720199525,1.365345164,1.208842415,
Lao PDR,LAO,People practicing open defecation (% of population),SH.STA.ODFC.ZS,,,,,,,,,,,,,,,,,,,,,,,,,,,,,,,,,,,,,,,,,61.56359536,58.86350429,56.17273117,53.4945482,50.82877866,48.26967607,45.90252336,43.54746542,41.20350225,38.87257293,36.55410643,34.24837425,31.95529158,29.67656094,27.41133278,25.160201,22.92309584,20.70117515,18.49459201,16.65691704,16.48997142,16.32199125,16.15297659,
Lebanon,LBN,People practicing open defecation (% of population),SH.STA.ODFC.ZS,,,,,,,,,,,,,,,,,,,,,,,,,,,,,,,,,,,,,,,,,0.067916228,0.067916228,0.067916228,0.071794203,0.075672177,0.079550152,0.083428127,0.087306101,0.091184076,0.095062051,0.098940025,0.102818,0.106695975,0.110573949,0.114451924,0.118329899,0.122207873,0.126085848,0.129963823,0.13369014,0,0,0,
Liberia,LBR,People practicing open defecation (% of population),SH.STA.ODFC.ZS,,,,,,,,,,,,,,,,,,,,,,,,,,,,,,,,,,,,,,,,,54.78346065,53.89977348,53.01691011,52.13581518,51.25602653,50.37801062,49.50176713,48.62683914,47.75369184,46.87737614,45.99797709,45.11513875,44.22983066,43.34125587,42.4503779,41.55684377,40.66073123,39.7629913,38.8628318,37.960771,37.05687952,36.15123417,35.24474759,
Libya,LBY,People practicing open defecation (% of population),SH.STA.ODFC.ZS,,,,,,,,,,,,,,,,,,,,,,,,,,,,,,,,,,,,,,,,,,,,,,,,,0.75,0.75,0.75,0.75,0.75,0.75,0.75,0.75,0.749692188,0.748766175,0.747842447,0.747842447,0.747842447,0.747842447,0.747842447,
St. Lucia,LCA,People practicing open defecation (% of population),SH.STA.ODFC.ZS,,,,,,,,,,,,,,,,,,,,,,,,,,,,,,,,,,,,,,,,,7.531123089,7.523157396,7.492882222,7.463427665,7.335258162,7.218752628,7.113329264,7.01852335,6.933826218,6.858743663,6.79161059,6.721216351,6.65082192,6.580155472,6.509076847,6.43736336,6.364910124,6.28843703,6.207856864,6.204036683,6.199662553,6.194686353,6.18915631,
Latin America & Caribbean,LCN,People practicing open defecation (% of population),SH.STA.ODFC.ZS,,,,,,,,,,,,,,,,,,,,,,,,,,,,,,,,,,,,,,,,,10.00984533,9.519088743,9.039992394,8.562437231,8.096408583,7.637560816,6.82588033,6.407981091,5.997434441,5.592772724,5.194577264,4.799556035,4.411797824,4.029964011,3.653847992,3.418936667,3.031270932,2.648592711,2.302945687,1.992642817,1.718831231,1.396976839,1.170758854,
Least developed countries: UN classification,LDC,People practicing open defecation (% of population),SH.STA.ODFC.ZS,,,,,,,,,,,,,,,,,,,,,,,,,,,,,,,,,,,,,,,,,35.22818557,34.28374339,33.28477633,32.23909524,31.21272705,30.10973803,29.02342268,27.98333299,26.90719552,25.82927552,24.74683438,24.22959045,23.17485235,22.12871766,21.07389522,20.02345742,18.97708487,17.75942082,16.73099161,15.8154412,14.99838881,14.14496236,13.81751472,
Low income,LIC,People practicing open defecation (% of population),SH.STA.ODFC.ZS,,,,,,,,,,,,,,,,,,,,,,,,,,,,,,,,,,,,,,,,,40.74712991,39.92995295,36.64954685,35.72684919,34.82222263,33.76873254,32.68503124,31.6454654,30.56323356,29.49508893,28.42315627,28.21489683,27.20715267,26.25175185,25.27600593,24.26506469,23.22335335,22.58511541,21.48169414,20.40505628,19.3622007,18.53375077,18.15930072,
Liechtenstein,LIE,People practicing open defecation (% of population),SH.STA.ODFC.ZS,,,,,,,,,,,,,,,,,,,,,,,,,,,,,,,,,,,,,,,,,0,0,0,0,0,0,0,0,0,0,0,0,0,0,0,0,0,0,0,0,0,0,0,
Sri Lanka,LKA,People practicing open defecation (% of population),SH.STA.ODFC.ZS,,,,,,,,,,,,,,,,,,,,,,,,,,,,,,,,,,,,,,,,,5.331581903,5.065474713,4.79936047,4.533183606,4.266972716,4.000751051,3.734470609,3.468177089,3.201827197,2.935442974,2.669042052,2.402588097,2.136100108,1.86933474,1.602337134,1.335168847,1.06790252,0.800586444,0.56416355,0.329344629,0.095130176,0,0,
Lower middle income,LMC,People practicing open defecation (% of population),SH.STA.ODFC.ZS,,,,,,,,,,,,,,,,,,,,,,,,,,,,,,,,,,,,,,,,,47.77331241,45.92118194,44.03860576,42.16653561,40.30141061,38.44261913,36.59132944,34.75081348,32.92642619,31.11413994,29.30743107,27.51297595,25.73661198,23.96832231,22.21029518,20.47515921,18.76268458,17.04449278,15.33360396,13.68512886,12.09656796,10.56460391,9.087377548,
Low & middle income,LMY,People practicing open defecation (% of population),SH.STA.ODFC.ZS,,,,,,,,,,,,,,,,,,,,,,,,,,,,,,,,,,,,,,,,,27.27522256,26.37752207,25.30445597,24.34761387,23.38640084,22.40813292,21.28190982,20.31638571,19.3217998,18.35046933,17.38086133,16.51076126,15.54489375,14.58175516,13.61891454,12.74059643,11.78264535,11.02254004,10.04527065,9.102888027,8.203317781,7.256052345,6.483469398,
Lesotho,LSO,People practicing open defecation (% of population),SH.STA.ODFC.ZS,,,,,,,,,,,,,,,,,,,,,,,,,,,,,,,,,,,,,,,,,47.45895239,45.81743155,44.18602966,42.56566127,40.95592608,39.35896526,37.77395566,36.23830126,34.71380047,33.20183809,31.70163889,30.21386375,28.77685364,27.3504126,25.93439125,24.52870735,23.13406914,21.75037717,20.37650058,19.01307723,17.66012341,16.318467,14.9881799,
Late-demographic dividend,LTE,People practicing open defecation (% of population),SH.STA.ODFC.ZS,,,,,,,,,,,,,,,,,,,,,,,,,,,,,,,,,,,,,,,,,3.755963688,3.583645223,3.340837491,3.141118631,2.942941705,2.743608591,2.546601506,2.354071046,2.165135934,1.9806073,1.801129499,1.626515838,1.455543071,1.289424695,1.12765103,0.970263951,0.817426163,0.671826888,0.527422101,0.397474789,0.283273609,0.187550595,0.140353444,
Lithuania,LTU,People practicing open defecation (% of population),SH.STA.ODFC.ZS,,,,,,,,,,,,,,,,,,,,,,,,,,,,,,,,,,,,,,,,,0,0,0,0,0,0,0,0,0,0,0,0,0,0,0,0,0,0,0,0,0,0,0,
Luxembourg,LUX,People practicing open defecation (% of population),SH.STA.ODFC.ZS,,,,,,,,,,,,,,,,,,,,,,,,,,,,,,,,,,,,,,,,,0,0,0,0,0,0,0,0,0,0,0,0,0,0,0,0,0,0,0,0,0,0,0,
Latvia,LVA,People practicing open defecation (% of population),SH.STA.ODFC.ZS,,,,,,,,,,,,,,,,,,,,,,,,,,,,,,,,,,,,,,,,,0,0,0,0,0,0,0,0,0,0,0,0,0,0,0,0,0,0,0,0,0,0,,
"Macao SAR, China",MAC,People practicing open defecation (% of population),SH.STA.ODFC.ZS,,,,,,,,,,,,,,,,,,,,,,,,,,,,,,,,,,,,,,,,,0,0,0,0,0,0,0,0,0,0,0,0,0,0,0,0,0,0,0,0,0,0,0,
St. Martin (French part),MAF,People practicing open defecation (% of population),SH.STA.ODFC.ZS,,,,,,,,,,,,,,,,,,,,,,,,,,,,,,,,,,,,,,,,,0,0,0,0,0,0,0,0,0,0,0,0,0,0,0,0,0,0,0,0,0,0,0,
Morocco,MAR,People practicing open defecation (% of population),SH.STA.ODFC.ZS,,,,,,,,,,,,,,,,,,,,,,,,,,,,,,,,,,,,,,,,,22.91714142,21.96102734,20.989308,20.00209721,18.91634007,17.5275421,16.15043666,14.80154471,13.48108323,12.18916889,10.92486354,9.688811551,8.480604704,7.300261852,6.147422236,5.022056195,3.923851066,2.852730241,1.808473708,0.790882178,0,0,0,
Monaco,MCO,People practicing open defecation (% of population),SH.STA.ODFC.ZS,,,,,,,,,,,,,,,,,,,,,,,,,,,,,,,,,,,,,,,,,0,0,0,0,0,0,0,0,0,0,0,0,0,0,0,0,0,0,0,0,0,0,0,
Moldova,MDA,People practicing open defecation (% of population),SH.STA.ODFC.ZS,,,,,,,,,,,,,,,,,,,,,,,,,,,,,,,,,,,,,,,,,3.93718834693E-15,0.009301833,0.018737001,0.028305499,0.038006667,0.047687498,0.057256004,0.066834832,0.076424002,0.086023499,0.095633337,0.105253501,0.114884003,0.124524833,0.134176002,0.134189998,0.134140999,0.134033664,0.133865666,0.133639328,0.133352331,0.133004665,0.132596333,
Madagascar,MDG,People practicing open defecation (% of population),SH.STA.ODFC.ZS,,,,,,,,,,,,,,,,,,,,,,,,,,,,,,,,,,,,,,,,,41.67038659,41.38646577,41.10248576,40.81875477,40.53497619,40.15390344,39.77167134,39.38859886,39.00411486,38.61972125,38.23484502,37.84979086,37.46457848,37.07951382,36.69431466,36.30957882,35.92502301,35.54095064,35.15736339,34.77484796,34.3928336,34.01218092,33.63232435,
Maldives,MDV,People practicing open defecation (% of population),SH.STA.ODFC.ZS,,,,,,,,,,,,,,,,,,,,,,,,,,,,,,,,,,,,,,,,,14.85992887,13.57268801,12.31422015,11.08633618,9.890086746,8.727499546,7.627315048,6.62296879,5.630261239,4.649587594,3.680934179,2.724389611,1.780014358,0.847981261,0.006726958,0,0,0,0,0,0,0,0,
Middle East & North Africa,MEA,People practicing open defecation (% of population),SH.STA.ODFC.ZS,,,,,,,,,,,,,,,,,,,,,,,,,,,,,,,,,,,,,,,,,5.949098144,5.717231457,5.509843974,5.234798785,4.947537371,4.634084254,4.313991913,3.997322676,3.643904701,3.354188577,3.075687554,2.80940013,2.547633142,2.290671646,2.036902325,1.78903147,1.547404996,1.592129571,1.340491636,1.114370573,0.918785964,0.830488105,0.827427373,
Mexico,MEX,People practicing open defecation (% of population),SH.STA.ODFC.ZS,,,,,,,,,,,,,,,,,,,,,,,,,,,,,,,,,,,,,,,,,9.135222594,8.642313764,8.156496382,7.677679563,7.205596176,6.740518068,6.282168603,5.830603316,5.385429345,4.946838327,4.514593411,4.088180436,3.667916796,3.253570393,2.845141671,2.442761633,2.046259134,1.655724935,1.271063253,0.892243801,0.519236599,0.152016608,0,
Marshall Islands,MHL,People practicing open defecation (% of population),SH.STA.ODFC.ZS,,,,,,,,,,,,,,,,,,,,,,,,,,,,,,,,,,,,,,,,,,12.68891508,12.52444189,12.36155595,12.20026368,12.04087883,11.75900455,11.48819079,11.22768916,10.97823149,10.7390767,10.51008617,10.29238475,10.08617994,9.89066671,9.70579301,9.531033751,9.366315261,9.210937896,9.065023913,8.927909291,8.799341184,8.6792309,
Middle income,MIC,People practicing open defecation (% of population),SH.STA.ODFC.ZS,,,,,,,,,,,,,,,,,,,,,,,,,,,,,,,,,,,,,,,,,26.20254895,25.28414278,24.31478992,23.33837353,22.35670744,21.36928996,20.23000966,19.25319977,18.25103704,17.27180745,16.2952467,15.31918411,14.34015684,13.36090394,12.38435833,11.494045,10.52695242,9.754045246,8.769046166,7.818773568,6.910262621,6.015805314,5.172891805,
North Macedonia,MKD,People practicing open defecation (% of population),SH.STA.ODFC.ZS,,,,,,,,,,,,,,,,,,,,,,,,,,,,,,,,,,,,,,,,,0.399989673,0.402006407,0.404023103,0.406039888,0.408066281,0.392371908,0.376265819,0.359784919,0.342966154,0.325838791,0.308448176,0.290824521,0.273012258,0.25504243,0.236953146,0.218792811,0.200587685,0.182380243,0.1642074,0.146106073,0.128116283,0.110271016,0.109382716,
Mali,MLI,People practicing open defecation (% of population),SH.STA.ODFC.ZS,,,,,,,,,,,,,,,,,,,,,,,,,,,,,,,,,,,,,,,,,19.64835936,18.85201479,18.06391077,17.28472884,16.51429804,15.75383536,15.00259055,14.26153101,13.530335,12.81004836,12.10141654,11.40462887,10.71984487,10.04719378,9.386654356,8.738432367,8.102461275,7.47867351,6.867184679,6.26779889,5.680657492,5.105463076,4.542290509,
Malta,MLT,People practicing open defecation (% of population),SH.STA.ODFC.ZS,,,,,,,,,,,,,,,,,,,,,,,,,,,,,,,,,,,,,,,,,0,0,0,0,0,0,0,0,0,0,0,0,0,0,0,0,0,0,0,0,0,0,0,
Myanmar,MMR,People practicing open defecation (% of population),SH.STA.ODFC.ZS,,,,,,,,,,,,,,,,,,,,,,,,,,,,,,,,,,,,,,,,,10.11187229,9.952947518,9.794567037,9.636615386,9.479099074,9.322021518,9.165497423,9.00941748,8.853787126,8.698716014,8.543996033,8.389841067,8.236150275,8.083027792,7.930276362,7.776647882,7.622113156,7.4667427,7.310517202,7.153602393,6.996069762,6.837815444,6.809427634,
Middle East & North Africa (excluding high income),MNA,People practicing open defecation (% of population),SH.STA.ODFC.ZS,,,,,,,,,,,,,,,,,,,,,,,,,,,,,,,,,,,,,,,,,6.691543662,6.452428793,6.223046971,5.915957464,5.593476548,5.246966689,4.904633603,4.568354995,4.176738484,3.863527562,3.553154702,3.251750369,2.955138204,2.662789992,2.371147673,2.083705177,1.803620789,1.952255335,1.644599855,1.367336483,1.124371635,1.01315863,1.008777714,
Montenegro,MNE,People practicing open defecation (% of population),SH.STA.ODFC.ZS,,,,,,,,,,,,,,,,,,,,,,,,,,,,,,,,,,,,,,,,,,,,,,,0.162398262,0.156024013,0.149679399,0.143368234,0.137087671,0.130836387,0.1246144,0.118420604,0.112255133,0.106118121,0.100010669,0.093931847,0.048481523,0.045135001,0.041845761,0.041410727,0.04097569,
Mongolia,MNG,People practicing open defecation (% of population),SH.STA.ODFC.ZS,,,,,,,,,,,,,,,,,,,,,,,,,,,,,,,,,,,,,,,,,20.05577432,18.99723245,17.9693799,16.972339,16.00618265,15.07241151,14.16906357,13.29644028,12.45408364,11.64343587,10.86197681,10.27803081,9.795905661,9.315493267,8.837046733,8.360048743,7.884762254,7.411403823,6.936500958,6.460665926,5.984513276,5.508983604,5.034161713,
Northern Mariana Islands,MNP,People practicing open defecation (% of population),SH.STA.ODFC.ZS,,,,,,,,,,,,,,,,,,,,,,,,,,,,,,,,,,,,,,,,,0.246431624,0.246431624,0.246431624,0.246431624,0.240644737,0.234857849,0.229070962,0.223284074,0.217497187,0.211710299,0.205923412,0.200136524,0.194349637,0.188562749,0.182775862,0.176988975,0.171202087,0.1654152,0.159628312,0.159628312,0.159628312,0.159628312,0.159628312,
Mozambique,MOZ,People practicing open defecation (% of population),SH.STA.ODFC.ZS,,,,,,,,,,,,,,,,,,,,,,,,,,,,,,,,,,,,,,,,,58.52215239,56.76404086,55.00954872,53.25916521,51.51244703,49.76985723,48.03056167,46.29584672,44.45311463,42.61039203,40.77676397,38.95315339,37.13969633,35.33652985,33.54378944,31.7616129,29.99013425,28.22978776,26.48038851,24.74127945,23.01295235,21.29512553,19.58876956,
Mauritania,MRT,People practicing open defecation (% of population),SH.STA.ODFC.ZS,,,,,,,,,,,,,,,,,,,,,,,,,,,,,,,,,,,,,,,,,54.47684103,53.36723549,52.07430965,50.78106688,49.48754233,48.19540556,46.9041405,45.61377595,44.3238089,43.03747325,41.75264465,40.4698775,39.18971699,37.91374657,36.64614262,35.38789597,34.13997477,32.90126504,31.67324982,30.45532517,29.24843682,28.05198091,26.86689179,
Mauritius,MUS,People practicing open defecation (% of population),SH.STA.ODFC.ZS,,,,,,,,,,,,,,,,,,,,,,,,,,,,,,,,,,,,,,,,,0.063505719,0.071774629,0.080033034,0.088280296,0.096516421,0.104741015,0.112954901,0.121157353,0.12934901,0.137529333,0.145698609,0.153856839,0.161992183,0.170088507,0.178202177,0.186303857,0.194396863,0.202484317,,,,,,
Malawi,MWI,People practicing open defecation (% of population),SH.STA.ODFC.ZS,,,,,,,,,,,,,,,,,,,,,,,,,,,,,,,,,,,,,,,,,14.85517864,14.28881188,13.72346803,13.15901843,12.59560378,12.03310764,11.47165702,10.91114747,10.35169575,9.792175309,9.232795746,8.673683743,8.115142684,7.557240406,7.000350496,6.44450594,5.890127232,5.337282056,4.786231622,4.237273182,3.690591363,3.146489056,2.605191531,
Malaysia,MYS,People practicing open defecation (% of population),SH.STA.ODFC.ZS,,,,,,,,,,,,,,,,,,,,,,,,,,,,,,,,,,,,,,,,,1.605168784,1.484796978,1.367790129,1.254069769,1.143587231,1.036380448,0.932320928,0.831373593,0.733479864,0.638627052,0.546714736,0.459204767,0.374282601,0.367480377,0.360761296,0.35415643,0.347645025,,,,,,,
North America,NAC,People practicing open defecation (% of population),SH.STA.ODFC.ZS,,,,,,,,,,,,,,,,,,,,,,,,,,,,,,,,,,,,,,,,,0,0,0,0,0,0,0,0,0,0,0,0,0,0,0,0,0,0,0,0,0,0,0,
Namibia,NAM,People practicing open defecation (% of population),SH.STA.ODFC.ZS,,,,,,,,,,,,,,,,,,,,,,,,,,,,,,,,,,,,,,,,,58.8477314,57.85703969,56.66926331,55.4594627,54.26654158,53.09394116,51.94033434,50.807292,49.69468369,48.60608354,47.53863332,46.49525149,45.46219943,44.45399726,43.47093092,42.51460086,41.59246089,40.70565347,39.85349697,39.03531237,38.2511755,37.50032774,37.1558168,
New Caledonia,NCL,People practicing open defecation (% of population),SH.STA.ODFC.ZS,,,,,,,,,,,,,,,,,,,,,,,,,,,,,,,,,,,,,,,,,0,0,0,0,0,0,0,0,0,0,0,0,0,0,0,0,0,0,0,0,0,0,0,
Niger,NER,People practicing open defecation (% of population),SH.STA.ODFC.ZS,,,,,,,,,,,,,,,,,,,,,,,,,,,,,,,,,,,,,,,,,82.98558033,82.13552057,81.34275619,80.54924457,79.75571442,78.96287147,78.16929614,77.37570067,76.58278024,75.78914099,74.99547068,74.20248165,73.40877185,72.61503924,71.81096488,70.99529794,70.16954075,69.33244926,68.48552137,67.62753225,66.75860668,65.87956094,64.98918706,
Nigeria,NGA,People practicing open defecation (% of population),SH.STA.ODFC.ZS,,,,,,,,,,,,,,,,,,,,,,,,,,,,,,,,,,,,,,,,,24.29809045,24.08884265,23.87283936,23.65017664,23.42095325,23.18547478,22.94349622,22.69495559,22.43978746,22.17872872,21.91114413,21.6394437,21.36368146,21.08433474,20.80147539,20.51517329,20.22616327,19.93409757,19.6395079,19.34272654,19.04385688,18.74324526,18.44100609,
Nicaragua,NIC,People practicing open defecation (% of population),SH.STA.ODFC.ZS,,,,,,,,,,,,,,,,,,,,,,,,,,,,,,,,,,,,,,,,,15.74699244,15.18056386,14.61685733,14.05561271,13.49682596,12.93960512,12.37543657,11.81472739,11.25705367,10.70282175,10.15182533,9.604063795,9.059536982,8.518246026,7.98033833,7.445650135,6.914179991,6.886433061,6.856827101,6.825229358,6.791772729,,,
Netherlands,NLD,People practicing open defecation (% of population),SH.STA.ODFC.ZS,,,,,,,,,,,,,,,,,,,,,,,,,,,,,,,,,,,,,,,,,0,0,0,0,0,0,0,0,0,0,0,0,0,0,0,0,0,0,0,0,0,0,0,
Norway,NOR,People practicing open defecation (% of population),SH.STA.ODFC.ZS,,,,,,,,,,,,,,,,,,,,,,,,,,,,,,,,,,,,,,,,,0,0,0,0,0,0,0,0,0,0,0,0,0,0,0,0,0,0,0,0,0,0,0,
Nepal,NPL,People practicing open defecation (% of population),SH.STA.ODFC.ZS,,,,,,,,,,,,,,,,,,,,,,,,,,,,,,,,,,,,,,,,,69.20392238,65.95775569,62.87297759,59.80040206,56.74039861,53.6933424,50.65961654,47.6391952,44.63290274,41.6411127,38.66420013,35.70224907,32.75462414,29.82281825,26.90669172,24.00739071,21.12517221,18.26093423,15.41523286,12.58891555,9.782587708,6.997045507,6.977166978,
Nauru,NRU,People practicing open defecation (% of population),SH.STA.ODFC.ZS,,,,,,,,,,,,,,,,,,,,,,,,,,,,,,,,,,,,,,,,,1.118132395,1.204486272,1.290840148,1.377194024,1.463547901,1.549901777,1.636255654,1.72260953,1.808963406,1.895317283,1.981671159,2.068025035,2.154378912,2.240732788,2.327086665,2.413440541,2.499794417,2.586148294,2.586148294,2.586148294,2.586148294,2.586148294,,
New Zealand,NZL,People practicing open defecation (% of population),SH.STA.ODFC.ZS,,,,,,,,,,,,,,,,,,,,,,,,,,,,,,,,,,,,,,,,,0,0,0,0,0,0,0,0,0,0,0,0,0,0,0,0,0,0,0,0,0,0,0,
OECD members,OED,People practicing open defecation (% of population),SH.STA.ODFC.ZS,,,,,,,,,,,,,,,,,,,,,,,,,,,,,,,,,,,,,,,,,1.088145848,1.042413713,0.995338125,0.948142898,0.900834204,0.853429313,0.805535984,0.75744415,0.709160269,0.661495408,0.61475606,0.569286642,0.523085899,0.476633649,0.430049367,0.383811774,0.338066478,0.290347674,0.247737594,0.205405087,0.162862089,0.121859456,0.100106067,
Oman,OMN,People practicing open defecation (% of population),SH.STA.ODFC.ZS,,,,,,,,,,,,,,,,,,,,,,,,,,,,,,,,,,,,,,,,,,3.816226809,3.818559427,3.820893028,3.783798301,3.716958499,3.230983252,2.760983234,2.306675025,1.867898593,1.444191181,1.017831058,0.611271628,0.24262268,0,0,0,0,0,0,0,0,0,
Other small states,OSS,People practicing open defecation (% of population),SH.STA.ODFC.ZS,,,,,,,,,,,,,,,,,,,,,,,,,,,,,,,,,,,,,,,,,9.311839495,9.043332415,11.83867962,11.40677828,10.94681549,10.22294996,9.266298733,8.852597684,8.430176869,8.011189302,7.608775424,7.23671389,6.851344044,6.446890996,6.033501121,5.639498197,5.246627044,4.853691105,4.900639198,4.739611739,4.346558141,4.044113583,3.899578471,
Pakistan,PAK,People practicing open defecation (% of population),SH.STA.ODFC.ZS,,,,,,,,,,,,,,,,,,,,,,,,,,,,,,,,,,,,,,,,,36.87375564,35.43574135,34.0035821,32.57823301,31.15928477,29.7471868,28.34155803,26.94244917,25.55025788,24.16498133,22.78631114,21.41429729,20.04899205,18.6909628,17.33967902,15.99518562,14.65753694,13.32697462,12.00071019,10.67940383,9.363922002,8.055137672,6.754022038,
Panama,PAN,People practicing open defecation (% of population),SH.STA.ODFC.ZS,,,,,,,,,,,,,,,,,,,,,,,,,,,,,,,,,,,,,,,,,7.661488154,7.477849782,7.29574043,7.114844867,6.935311019,6.757135093,6.58030926,6.404972428,6.230827558,6.058016017,5.886666971,5.715417297,5.544447444,5.373801881,5.203393331,5.033525012,4.864234009,4.695434179,4.527290064,4.359837229,4.19322889,4.027382784,3.985341527,
Peru,PER,People practicing open defecation (% of population),SH.STA.ODFC.ZS,,,,,,,,,,,,,,,,,,,,,,,,,,,,,,,,,,,,,,,,,18.72176294,17.85752112,17.00738952,16.17079877,15.34797602,14.53908436,13.74322564,12.96089707,12.23055695,11.52510848,10.82549245,10.13221888,9.444717615,8.763435258,8.088071762,7.418385924,6.754734892,6.096864309,5.443689791,4.795623311,4.15277835,3.515534477,2.88412371,
Philippines,PHL,People practicing open defecation (% of population),SH.STA.ODFC.ZS,,,,,,,,,,,,,,,,,,,,,,,,,,,,,,,,,,,,,,,,,11.02854026,11.03758701,10.66714432,10.29606021,9.924333305,9.551963963,9.178952624,8.805298822,8.431003128,8.055988692,7.677079592,7.282153629,6.888663326,6.496547515,6.105932819,5.716699688,5.328910235,4.941827926,4.555550374,4.170319543,3.786328285,3.403769224,3.022835068,
Palau,PLW,People practicing open defecation (% of population),SH.STA.ODFC.ZS,,,,,,,,,,,,,,,,,,,,,,,,,,,,,,,,,,,,,,,,,0,0,0,0,0,0,0,0,0,0,0,0,0,0,0,0,0,0,0,0,0,0,0,
Papua New Guinea,PNG,People practicing open defecation (% of population),SH.STA.ODFC.ZS,,,,,,,,,,,,,,,,,,,,,,,,,,,,,,,,,,,,,,,,,12.77065419,12.77292124,12.77477451,12.77662905,12.77858616,12.9919439,13.2053825,13.41890265,13.63250519,13.84618926,14.05995643,14.27392336,14.48785529,14.7001408,14.9106831,15.11938929,15.3261616,15.53090543,15.73338983,15.93365015,16.13159216,16.11612029,16.09855924,
Poland,POL,People practicing open defecation (% of population),SH.STA.ODFC.ZS,,,,,,,,,,,,,,,,,,,,,,,,,,,,,,,,,,,,,,,,,0,0,0,0,0,0,0,0,0,0,0,0,0,0,0,0,0,0,0,0,0,0,0,
Pre-demographic dividend,PRE,People practicing open defecation (% of population),SH.STA.ODFC.ZS,,,,,,,,,,,,,,,,,,,,,,,,,,,,,,,,,,,,,,,,,28.60255553,28.16160295,27.67123898,27.14925918,26.63286142,26.0146921,25.42098737,24.8802385,24.2677547,23.63571879,23.00653868,23.03008375,22.40459955,21.78189198,21.15268205,20.52565707,19.89888383,19.09345169,18.51055177,17.96312588,17.42083286,16.96494289,16.59132706,
Puerto Rico,PRI,People practicing open defecation (% of population),SH.STA.ODFC.ZS,,,,,,,,,,,,,,,,,,,,,,,,,,,,,,,,,,,,,,,,,0,0,0,0,0,0,0,0,0,0,0,0,0,0,0,0,0,0,0,0,0,0,0,
"Korea, Dem. People's Rep.",PRK,People practicing open defecation (% of population),SH.STA.ODFC.ZS,,,,,,,,,,,,,,,,,,,,,,,,,,,,,,,,,,,,,,,,,,,0,0,0,0,0,0,0,0,0,0,0,0,0,0,0,0,0,0,0,0,0,
Portugal,PRT,People practicing open defecation (% of population),SH.STA.ODFC.ZS,,,,,,,,,,,,,,,,,,,,,,,,,,,,,,,,,,,,,,,,,0,0,0,0,0,0,0,0,0,0,0,0,0,0,0,0,0,0,0,0,0,0,0,
Paraguay,PRY,People practicing open defecation (% of population),SH.STA.ODFC.ZS,,,,,,,,,,,,,,,,,,,,,,,,,,,,,,,,,,,,,,,,,0.890613181,0.873282659,0.856161003,0.841169389,0.826657209,0.81224894,0.797951678,0.783764817,0.769681267,0.755707567,0.741843226,0.728087782,0.714434647,0.701079269,0.687890738,0.67479556,0.661787861,0.648878137,0.635998779,0.62316501,0.610376199,0.596907407,0.32253007,
West Bank and Gaza,PSE,People practicing open defecation (% of population),SH.STA.ODFC.ZS,,,,,,,,,,,,,,,,,,,,,,,,,,,,,,,,,,,,,,,,,0.679688514,0.649516222,0.619470713,0.589573471,0.559802043,0.53017659,0.500685602,0.471318609,0.442094191,0.412938626,0.383848331,0.354837936,0.325912506,0.297077315,0.268337488,0.239705514,0.211185709,0.18277571,0.15449349,0.139854137,0.126921059,0.114233375,0.101802938,
Pacific island small states,PSS,People practicing open defecation (% of population),SH.STA.ODFC.ZS,,,,,,,,,,,,,,,,,,,,,,,,,,,,,,,,,,,,,,,,,16.63928368,16.58558697,16.64530361,16.69407788,16.73950995,16.56371532,16.03035595,15.85221632,15.67845384,15.51352191,15.35459031,15.19939533,15.04810313,14.89652004,14.74163242,14.82327452,14.64741044,14.46214986,14.50687704,14.55079267,14.55500884,14.58483571,2.653780519,
Post-demographic dividend,PST,People practicing open defecation (% of population),SH.STA.ODFC.ZS,,,,,,,,,,,,,,,,,,,,,,,,,,,,,,,,,,,,,,,,,0.031154856,0.02912701,0.027072646,0.025062013,0.023092822,0.021157829,0.01925253,0.017368995,0.015521292,0.013778801,0.012289153,0.010974903,0.009751974,0.008559052,0.007389258,0.006450746,0.005695161,0.004945906,0.004155119,0.003225001,0.002493878,0.001775999,0.001775294,
French Polynesia,PYF,People practicing open defecation (% of population),SH.STA.ODFC.ZS,,,,,,,,,,,,,,,,,,,,,,,,,,,,,,,,,,,,,,,,,1.624636905,1.516327778,1.408018651,1.299709524,1.191400397,1.08309127,0.974782143,0.866473016,0.758163889,0.649854762,0.541545635,0.433236508,0.324927381,0.216618254,0.108309127,0,0,0,0,0,0,0,0,
Qatar,QAT,People practicing open defecation (% of population),SH.STA.ODFC.ZS,,,,,,,,,,,,,,,,,,,,,,,,,,,,,,,,,,,,,,,,,0.06345074,0.06345074,0.06345074,0.06345074,0.06345074,0.06345074,0.06345074,0.063451001,0.063451262,0.063451523,0.063451784,0.063452045,0.063452306,0.063452567,0.063452828,0.063453089,0.06345335,0.063453611,0.063453872,0.063454133,0.063454394,0.063454655,0.063454916,
Romania,ROU,People practicing open defecation (% of population),SH.STA.ODFC.ZS,,,,,,,,,,,,,,,,,,,,,,,,,,,,,,,,,,,,,,,,,,0,0,0,0,0,0,0,0,0,0,0,0,0,0,0,0,0,0,0,0,0,0,
Russian Federation,RUS,People practicing open defecation (% of population),SH.STA.ODFC.ZS,,,,,,,,,,,,,,,,,,,,,,,,,,,,,,,,,,,,,,,,,0,0,0,0,0,0,0,0,0,0,0,0,0,0,0,0,0,0,0,0,0,0,0,
Rwanda,RWA,People practicing open defecation (% of population),SH.STA.ODFC.ZS,,,,,,,,,,,,,,,,,,,,,,,,,,,,,,,,,,,,,,,,,4.268824296,4.128636032,3.989164156,3.873985393,3.762277989,3.65057933,3.538865498,3.427185692,3.315514354,3.203831403,3.092179005,2.980535151,2.86888308,2.757257873,2.64540195,2.533354228,2.421195907,2.308953273,2.196682155,2.084448323,1.972295968,1.860280897,1.859165859,
South Asia,SAS,People practicing open defecation (% of population),SH.STA.ODFC.ZS,,,,,,,,,,,,,,,,,,,,,,,,,,,,,,,,,,,,,,,,,62.46486718,59.93607552,57.36073885,54.80329638,52.27443112,49.76361891,47.27030142,44.79985986,42.34296351,39.89206721,37.44962826,35.0188701,32.60297592,30.20421126,27.81761235,25.44633878,23.0898714,20.70384608,18.31218885,15.97881879,13.71545375,11.48293005,9.329393616,
Saudi Arabia,SAU,People practicing open defecation (% of population),SH.STA.ODFC.ZS,,,,,,,,,,,,,,,,,,,,,,,,,,,,,,,,,,,,,,,,,0,0,0,0,0,0,0,0,0,0,0,0,0,0,0,0,0,0,0,0,0,0,0,
Sudan,SDN,People practicing open defecation (% of population),SH.STA.ODFC.ZS,,,,,,,,,,,,,,,,,,,,,,,,,,,,,,,,,,,,,,,,,50.37747483,50.3533591,50.32924403,50.30512611,50.28101027,48.22502353,46.17085948,44.11852086,42.06800776,40.01156477,37.94992978,35.88423866,33.8159404,31.74582054,29.67529725,27.60492603,25.53613756,23.47007057,21.40764506,19.35024456,17.29882568,,,
Senegal,SEN,People practicing open defecation (% of population),SH.STA.ODFC.ZS,,,,,,,,,,,,,,,,,,,,,,,,,,,,,,,,,,,,,,,,,24.66629494,23.89786875,23.13269182,22.32263996,21.48190434,20.6494394,19.82466085,19.00791153,18.19922267,17.39888488,16.60639642,15.82205897,15.04613454,14.27840128,13.5188904,12.76602195,12.02026238,11.28149096,10.55035452,9.826935481,9.111658361,8.404625067,7.706241006,
Singapore,SGP,People practicing open defecation (% of population),SH.STA.ODFC.ZS,,,,,,,,,,,,,,,,,,,,,,,,,,,,,,,,,,,,,,,,,0,0,0,0,0,0,0,0,0,0,0,0,0,0,0,0,0,0,0,0,0,0,0,
Solomon Islands,SLB,People practicing open defecation (% of population),SH.STA.ODFC.ZS,,,,,,,,,,,,,,,,,,,,,,,,,,,,,,,,,,,,,,,,,61.20712826,60.96440413,60.71667402,60.46393846,60.20620204,59.06191817,57.91852748,56.77619046,55.63447789,54.49476011,53.35659579,52.22419111,51.09699395,49.97561566,48.86062559,47.75148127,46.6429789,45.5337227,45.28523688,45.03782465,44.79094823,44.54514228,,
Sierra Leone,SLE,People practicing open defecation (% of population),SH.STA.ODFC.ZS,,,,,,,,,,,,,,,,,,,,,,,,,,,,,,,,,,,,,,,,,25.39216428,24.997028,24.60317322,24.21061229,23.81935194,23.40813729,22.98258682,22.55899845,22.1373904,21.71804235,21.30096465,20.88591471,20.47291068,20.06246486,19.65409058,19.2480485,18.84411325,18.44066408,18.03733024,17.63444579,17.2321096,16.83041596,16.42946483,
El Salvador,SLV,People practicing open defecation (% of population),SH.STA.ODFC.ZS,,,,,,,,,,,,,,,,,,,,,,,,,,,,,,,,,,,,,,,,,9.510572547,9.419051287,9.327863107,8.757235633,8.19552452,7.643270956,7.09995604,6.559242185,5.990618413,5.437799405,4.9002909,4.377760045,3.870162405,3.377387843,2.898985489,2.434751956,1.985096321,1.549508123,1.127301483,0.782103873,0.505755409,0.243106626,0,
San Marino,SMR,People practicing open defecation (% of population),SH.STA.ODFC.ZS,,,,,,,,,,,,,,,,,,,,,,,,,,,,,,,,,,,,,,,,,0,0,0,0,0,0,0,0,0,0,0,0,0,0,0,0,0,0,0,0,0,0,0,
Somalia,SOM,People practicing open defecation (% of population),SH.STA.ODFC.ZS,,,,,,,,,,,,,,,,,,,,,,,,,,,,,,,,,,,,,,,,,58.68387745,56.92008205,55.16477515,53.16190573,51.17500198,49.20695932,47.25553504,47.41785035,44.98248874,42.57732303,40.20126629,37.85890531,36.16348277,34.48338833,32.81766628,31.16595397,29.52794935,27.90432749,26.29480936,24.70047446,23.12102956,21.55704522,21.31905078,
Serbia,SRB,People practicing open defecation (% of population),SH.STA.ODFC.ZS,,,,,,,,,,,,,,,,,,,,,,,,,,,,,,,,,,,,,,,,,0.068224557,0.068130285,0.068036009,0.06794216,0.067847465,0.067229169,0.066615708,0.066006685,0.065402895,0.06480393,0.064210159,0.063620846,0.063063556,0.062518431,0.061975451,0.061435254,0.060897224,0.060356608,0.059813998,0.059269976,0.058725138,0.058179826,0.058127032,
Sub-Saharan Africa (excluding high income),SSA,People practicing open defecation (% of population),SH.STA.ODFC.ZS,,,,,,,,,,,,,,,,,,,,,,,,,,,,,,,,,,,,,,,,,32.69599855,32.02973778,31.31627899,30.59958355,29.88222172,29.07999568,28.2798285,27.50848281,26.69142556,25.87364565,25.05644086,24.77375134,23.97763976,23.18484014,22.37687431,21.56058289,20.75480184,19.79750574,19.03917386,18.28782926,17.54470323,16.89535707,16.59530328,
South Sudan,SSD,People practicing open defecation (% of population),SH.STA.ODFC.ZS,,,,,,,,,,,,,,,,,,,,,,,,,,,,,,,,,,,,,,,,,,,,,,,,,,,,71.12547323,69.85236051,68.56047596,67.24843894,65.91386572,64.55569851,63.17246517,61.76207441,60.32292961,60.12719539,59.92167203,59.70506261,
Sub-Saharan Africa,SSF,People practicing open defecation (% of population),SH.STA.ODFC.ZS,,,,,,,,,,,,,,,,,,,,,,,,,,,,,,,,,,,,,,,,,32.69213268,32.02604674,31.31265643,30.59617653,29.87899549,29.07692669,28.27686413,27.50566405,26.68870601,25.87107236,25.05394926,24.77144257,23.97544579,23.18273932,22.37487227,21.55866559,20.75298284,19.79579205,19.0375512,18.28622724,17.54319329,16.89387058,16.59357469,
Small states,SST,People practicing open defecation (% of population),SH.STA.ODFC.ZS,,,,,,,,,,,,,,,,,,,,,,,,,,,,,,,,,,,,,,,,,9.265340975,9.092906191,10.99462864,10.6904927,10.36603351,9.840137635,9.142451373,8.811778623,8.473958409,8.101751208,7.78041228,7.481640795,7.172173754,6.847285465,6.517200918,6.179019154,5.859495251,5.537887371,5.62679177,5.637737394,5.480933161,5.273123003,3.392933378,
Sao Tome and Principe,STP,People practicing open defecation (% of population),SH.STA.ODFC.ZS,,,,,,,,,,,,,,,,,,,,,,,,,,,,,,,,,,,,,,,,,70.53941635,69.20041755,67.82702536,66.4492004,65.07283927,63.69918009,62.3277461,60.95868464,59.59213582,58.22885943,56.86838275,55.51114828,54.15699004,52.81076538,51.47166547,50.13981563,48.8150186,47.49709023,46.18584339,44.8810926,43.58265216,42.29018938,42.18800617,
Suriname,SUR,People practicing open defecation (% of population),SH.STA.ODFC.ZS,,,,,,,,,,,,,,,,,,,,,,,,,,,,,,,,,,,,,,,,,8.587832325,8.20129514,7.816152588,7.432877279,7.051225184,6.696486073,6.342759727,5.987716909,5.631161936,5.272939254,4.913368928,4.552283961,4.189686803,3.82557533,3.458295571,3.08832698,2.716346783,2.342921714,1.968566534,1.593965964,1.219562043,1.21741673,1.214719791,
Slovak Republic,SVK,People practicing open defecation (% of population),SH.STA.ODFC.ZS,,,,,,,,,,,,,,,,,,,,,,,,,,,,,,,,,,,,,,,,,0,0,0,0,0,0,0,0,0,0,0,0,0,0,0,0,0,0,0,0,0,0,0,
Slovenia,SVN,People practicing open defecation (% of population),SH.STA.ODFC.ZS,,,,,,,,,,,,,,,,,,,,,,,,,,,,,,,,,,,,,,,,,0,0,0,0,0,0,0,0,0,0,0,0,0,0,0,0,0,0,0,0,0,0,0,
Sweden,SWE,People practicing open defecation (% of population),SH.STA.ODFC.ZS,,,,,,,,,,,,,,,,,,,,,,,,,,,,,,,,,,,,,,,,,0,0,0,0,0,0,0,0,0,0,0,0,0,0,0,0,0,0,0,0,0,0,0,
Eswatini,SWZ,People practicing open defecation (% of population),SH.STA.ODFC.ZS,,,,,,,,,,,,,,,,,,,,,,,,,,,,,,,,,,,,,,,,,22.87847163,21.80720024,20.73209794,19.65320643,18.57100051,17.48483148,16.39515853,15.29376165,14.14227485,12.99655317,11.85663837,10.7224514,9.601843893,8.485222339,7.372707163,6.264232915,5.159478662,4.058810812,2.962493144,1.870853579,0.784220789,0.236306953,0.226837128,
Sint Maarten (Dutch part),SXM,People practicing open defecation (% of population),SH.STA.ODFC.ZS,,,,,,,,,,,,,,,,,,,,,,,,,,,,,,,,,,,,,,,,,0.497086444,0.468955168,0.440823892,0.412692616,0.38456134,0.356430064,0.328298788,0.300167511,0.272036235,0.243904959,0.215773683,0.187642407,0.159511131,0.131379855,0.131379855,0.131379855,0.131379855,0.131379855,,,,,,
Seychelles,SYC,People practicing open defecation (% of population),SH.STA.ODFC.ZS,,,,,,,,,,,,,,,,,,,,,,,,,,,,,,,,,,,,,,,,,1.004209103,0.994489617,0.98477013,0.975050643,0.965331157,0.95561167,0.945892183,0.936172696,0.92645321,0.916733723,0.907014236,0.89729475,0.887575263,0.877855776,0.868136289,0.858416803,0.847414658,0.8357665,0.82417226,0,0,0,0,
Syrian Arab Republic,SYR,People practicing open defecation (% of population),SH.STA.ODFC.ZS,,,,,,,,,,,,,,,,,,,,,,,,,,,,,,,,,,,,,,,,,1.784335738,1.680745236,1.578545421,1.477803618,1.378456191,1.280616633,1.184217686,1.089207298,0.995633664,0.903509851,0.812772776,0.74458218,0.672502437,0.686194954,0.69992754,0.69101268,0.682111205,,,,,,,
Turks and Caicos Islands,TCA,People practicing open defecation (% of population),SH.STA.ODFC.ZS,,,,,,,,,,,,,,,,,,,,,,,,,,,,,,,,,,,,,,,,,,,,,,,,,,,,,,,,,0.017312668,0.016618583,0.015968461,0.015362302,0.014795472,0.014265656,0.013772865,
Chad,TCD,People practicing open defecation (% of population),SH.STA.ODFC.ZS,,,,,,,,,,,,,,,,,,,,,,,,,,,,,,,,,,,,,,,,,71.37047757,71.00311545,70.63659132,70.26956419,69.90270946,69.53602692,69.16951261,68.80250914,68.43634085,68.07034554,67.69279922,67.30385383,66.90299718,66.49101735,66.06805777,65.63361976,65.18785575,64.73090293,64.26228425,63.78278551,63.29129528,62.78860601,62.61309658,
East Asia & Pacific (IDA & IBRD countries),TEA,People practicing open defecation (% of population),SH.STA.ODFC.ZS,,,,,,,,,,,,,,,,,,,,,,,,,,,,,,,,,,,,,,,,,8.079398014,7.817137279,7.473131928,7.115335808,6.760456609,6.410462411,6.067874074,5.730714445,5.396886145,5.065864555,4.739425729,4.418578196,4.099239396,3.784936319,3.474712555,3.168778341,2.867201977,2.604236133,2.308065139,2.019891845,1.744600525,1.476381628,1.230589102,
Europe & Central Asia (IDA & IBRD countries),TEC,People practicing open defecation (% of population),SH.STA.ODFC.ZS,,,,,,,,,,,,,,,,,,,,,,,,,,,,,,,,,,,,,,,,,0.161260564,0.150824466,0.145015705,0.138919188,0.132710148,0.126373201,0.120040686,0.113361862,0.106902668,0.100436602,0.094696686,0.089245095,0.083935452,0.078632311,0.073376512,0.066163542,0.060780491,0.055522863,0.050353726,0.047189836,0.043038422,0.042790703,0.043624965,
Togo,TGO,People practicing open defecation (% of population),SH.STA.ODFC.ZS,,,,,,,,,,,,,,,,,,,,,,,,,,,,,,,,,,,,,,,,,61.65100122,60.63600876,59.62185998,58.60915973,57.59793708,56.58878811,55.58117427,54.57512449,53.5701272,52.56840252,51.56778458,50.55752591,49.54270024,48.53091553,47.52112653,46.513365,45.50557077,44.49833851,43.49173005,42.4858057,41.48063119,40.47626843,39.47327951,
Thailand,THA,People practicing open defecation (% of population),SH.STA.ODFC.ZS,,,,,,,,,,,,,,,,,,,,,,,,,,,,,,,,,,,,,,,,,1.297224048,1.209034343,1.122654484,1.038189495,0.955697487,0.875313847,0.797016559,0.720906808,0.647026228,0.575460451,0.506214982,0.441993257,0.379760961,0.318901686,0.259415463,0.20130965,0.144581918,0.089229423,0.040684881,0.037320722,0.033831588,0.030223156,0.030643802,
Tajikistan,TJK,People practicing open defecation (% of population),SH.STA.ODFC.ZS,,,,,,,,,,,,,,,,,,,,,,,,,,,,,,,,,,,,,,,,,1.252001119,1.199838735,1.147676681,1.095515029,1.043359899,0.991198896,0.939038288,0.886878059,0.834718183,0.78255873,0.73039964,0.678246337,0.625969886,0.573592547,0.521109549,0.468532233,0.415861514,0.363103577,0.32099863,0.320136012,0.319268418,0.318299525,0.317233736,
Turkmenistan,TKM,People practicing open defecation (% of population),SH.STA.ODFC.ZS,,,,,,,,,,,,,,,,,,,,,,,,,,,,,,,,,,,,,,,,,0.573180845,0.540393256,0.507751941,0.475263011,0.442926437,0.410677279,0.37852681,0.346487621,0.314586892,0.282829954,0.251239341,0.219830284,0.188616042,0.157612893,0.126839627,0.096308593,0.066036644,0.036039276,0.006330783,0,0,0,0,
Latin America & the Caribbean (IDA & IBRD countries),TLA,People practicing open defecation (% of population),SH.STA.ODFC.ZS,,,,,,,,,,,,,,,,,,,,,,,,,,,,,,,,,,,,,,,,,10.30252453,9.794868691,9.298879853,8.804886948,8.323081853,7.84890914,6.997678309,6.567272055,6.144722547,5.728501531,5.319268473,4.913223818,4.514923293,4.123010275,3.737089107,3.502210507,3.104254297,2.711258724,2.355877533,2.038377194,1.75764963,1.428997535,1.198025141,
Timor-Leste,TLS,People practicing open defecation (% of population),SH.STA.ODFC.ZS,,,,,,,,,,,,,,,,,,,,,,,,,,,,,,,,,,,,,,,,,,,42.64462186,40.94952582,39.25885678,37.58417484,35.91376758,34.24767175,32.58538991,30.92753733,29.27415911,27.62479631,25.98002704,24.33989287,22.70420971,21.07304372,19.44645836,17.82472984,16.20750017,14.59505006,12.98726054,11.62849036,10.36494143,
Middle East & North Africa (IDA & IBRD countries),TMN,People practicing open defecation (% of population),SH.STA.ODFC.ZS,,,,,,,,,,,,,,,,,,,,,,,,,,,,,,,,,,,,,,,,,6.755235282,6.514276322,6.283232382,5.973624834,5.648328189,5.29869099,4.953243954,4.613879926,4.217799708,3.901756095,3.588496511,3.284271581,2.984844447,2.68963693,2.395087312,2.104766258,1.821888541,1.980044135,1.668170228,1.386904032,1.140398122,1.027721063,1.023600449,
Tonga,TON,People practicing open defecation (% of population),SH.STA.ODFC.ZS,,,,,,,,,,,,,,,,,,,,,,,,,,,,,,,,,,,,,,,,,0.185402808,0.18536257,0.18532372,0.185283496,0.185243254,0.1799292,0.174618077,0.169295036,0.16396645,0.158645939,0.153333521,0.148029179,0.142781828,0.137565401,0.132341695,0.127109329,0.121869037,0.116620813,0.111359553,0.106088906,0.100811614,0.095531638,0.090251755,
South Asia (IDA & IBRD),TSA,People practicing open defecation (% of population),SH.STA.ODFC.ZS,,,,,,,,,,,,,,,,,,,,,,,,,,,,,,,,,,,,,,,,,62.46486718,59.93607552,57.36073885,54.80329638,52.27443112,49.76361891,47.27030142,44.79985986,42.34296351,39.89206721,37.44962826,35.0188701,32.60297592,30.20421126,27.81761235,25.44633878,23.0898714,20.70384608,18.31218885,15.97881879,13.71545375,11.48293005,9.329393616,
Sub-Saharan Africa (IDA & IBRD countries),TSS,People practicing open defecation (% of population),SH.STA.ODFC.ZS,,,,,,,,,,,,,,,,,,,,,,,,,,,,,,,,,,,,,,,,,32.69213268,32.02604674,31.31265643,30.59617653,29.87899549,29.07692669,28.27686413,27.50566405,26.68870601,25.87107236,25.05394926,24.77144257,23.97544579,23.18273932,22.37487227,21.55866559,20.75298284,19.79579205,19.0375512,18.28622724,17.54319329,16.89387058,16.59357469,
Trinidad and Tobago,TTO,People practicing open defecation (% of population),SH.STA.ODFC.ZS,,,,,,,,,,,,,,,,,,,,,,,,,,,,,,,,,,,,,,,,,0.328217835,0.308885358,0.289552881,0.270220404,0.250887927,0.23155545,0.212222973,0.192890495,0.173558018,0.154225541,0.134893064,0.115560587,0.09622811,0.076895633,0.057563156,0.038230679,0.018898202,0,0,0,0,0,0,
Tunisia,TUN,People practicing open defecation (% of population),SH.STA.ODFC.ZS,,,,,,,,,,,,,,,,,,,,,,,,,,,,,,,,,,,,,,,,,9.628142898,9.013798574,8.410685034,7.818508796,7.240532026,6.686818747,6.141124165,5.603754364,5.074486857,4.553279022,4.040200152,3.534973383,3.037681339,2.548418643,2.066896261,1.592830049,1.126539774,0.668277169,0.218295027,0.171211804,0.163455069,0.155634652,0.14774835,
Turkiye,TUR,People practicing open defecation (% of population),SH.STA.ODFC.ZS,,,,,,,,,,,,,,,,,,,,,,,,,,,,,,,,,,,,,,,,,0.599862368,0.592385362,0.565239561,0.538571879,0.512365096,0.486647942,0.461380143,0.436577901,0.412214096,0.38831368,0.364849643,0.341825542,0.319216773,0.297104669,0.275441727,0.254225262,0.233436017,0.213078105,0.193124979,0.173572731,0.154409796,0.151448617,0.148557703,
Tuvalu,TUV,People practicing open defecation (% of population),SH.STA.ODFC.ZS,,,,,,,,,,,,,,,,,,,,,,,,,,,,,,,,,,,,,,,,,8.632756594,8.605682917,8.578542924,8.524855623,8.163673868,7.808028499,7.457796634,7.113040775,6.773760941,6.440206567,6.112242796,5.789846082,5.472991734,5.161890202,4.85712449,4.558511599,4.265857216,3.97895666,3.697517308,3.421337473,3.150183792,2.883805593,2.62199274,
Tanzania,TZA,People practicing open defecation (% of population),SH.STA.ODFC.ZS,,,,,,,,,,,,,,,,,,,,,,,,,,,,,,,,,,,,,,,,,11.84569037,11.61283992,11.38022325,11.12602311,10.86800984,10.61023543,10.35262238,10.09531648,9.83813473,9.581545128,9.325151147,9.069306161,8.813831698,8.559074218,8.305364632,8.052718173,7.801350659,7.551174563,7.302299871,7.054927836,6.808872874,6.564426211,6.321494604,
Uganda,UGA,People practicing open defecation (% of population),SH.STA.ODFC.ZS,,,,,,,,,,,,,,,,,,,,,,,,,,,,,,,,,,,,,,,,,14.21604037,13.70073091,13.1884437,12.67933844,12.17344859,11.67141618,11.17279124,10.67808316,10.18723095,9.700598686,9.218147214,8.740134533,8.266637919,7.798054962,7.334232979,6.875489219,6.422099946,5.974190581,5.531984689,5.095445804,4.664830642,4.240233698,3.821721201,
Ukraine,UKR,People practicing open defecation (% of population),SH.STA.ODFC.ZS,,,,,,,,,,,,,,,,,,,,,,,,,,,,,,,,,,,,,,,,,0.058128073,0.051749883,0.045300464,0.038837041,0.032402997,0.026015768,0.019711384,0.01347627,0.007309615,0.001211461,0.001207846,0.001204269,0.001200692,0.001197115,0.001193539,0.001189962,0.001186385,0.001182846,0,0,0,0,0,
Upper middle income,UMC,People practicing open defecation (% of population),SH.STA.ODFC.ZS,,,,,,,,,,,,,,,,,,,,,,,,,,,,,,,,,,,,,,,,,6.556278258,6.29687082,5.975122848,5.656018355,5.339137288,5.026853382,4.678029008,4.382800783,4.082897197,3.796109504,3.514881289,3.240742214,2.969997342,2.703808038,2.442384317,2.197323599,1.94250688,1.755752092,1.50559824,1.270910103,1.048186993,0.837707863,0.675397453,
Uruguay,URY,People practicing open defecation (% of population),SH.STA.ODFC.ZS,,,,,,,,,,,,,,,,,,,,,,,,,,,,,,,,,,,,,,,,,1.532984576,1.52401575,1.515340674,1.50689382,1.498740555,1.409153482,1.320928132,1.234039136,1.148405331,1.063996335,0.980717838,0.898541969,0.818265176,0.738852265,0.659959924,0.58157361,0.503675208,0.426259756,0.349306723,0.276543583,0.214195108,0.15172837,0.151863267,
United States,USA,People practicing open defecation (% of population),SH.STA.ODFC.ZS,,,,,,,,,,,,,,,,,,,,,,,,,,,,,,,,,,,,,,,,,0,0,0,0,0,0,0,0,0,0,0,0,0,0,0,0,0,0,0,0,0,0,0,
Uzbekistan,UZB,People practicing open defecation (% of population),SH.STA.ODFC.ZS,,,,,,,,,,,,,,,,,,,,,,,,,,,,,,,,,,,,,,,,,0.053874002,0.053393998,0.052911999,0.052428999,0.051946,0.051462999,0.050979001,0.050494999,0.050011,0.049528003,0.049044,0.04885,0.048949999,0.049049999,0.049150001,0.04925,0.04935,0.049449997,0.049522002,0.049567002,0.049584001,0.049572996,0.049533999,
St. Vincent and the Grenadines,VCT,People practicing open defecation (% of population),SH.STA.ODFC.ZS,,,,,,,,,,,,,,,,,,,,,,,,,,,,,,,,,,,,,,,,,1.485275541,1.57269961,1.658776871,1.743494233,1.826824585,1.908758654,1.989265623,2.068355621,2.145982341,2.222143258,2.296822151,2.370002551,2.441668068,2.511829095,2.580417467,2.568754526,2.557005315,2.545198439,2.533305635,,,,,
"Venezuela, RB",VEN,People practicing open defecation (% of population),SH.STA.ODFC.ZS,,,,,,,,,,,,,,,,,,,,,,,,,,,,,,,,,,,,,,,,,9.464599326,9.085731511,8.706863695,8.327995879,7.949128064,7.570260248,7.191392432,6.812524617,6.433656801,6.054788985,5.675921169,5.297053354,4.918185538,4.539317722,4.160449907,3.781582091,3.402714275,3.023846459,3.023846459,3.023846459,3.013935188,2.997642855,,
British Virgin Islands,VGB,People practicing open defecation (% of population),SH.STA.ODFC.ZS,,,,,,,,,,,,,,,,,,,,,,,,,,,,,,,,,,,,,,,,,0.991792346,0.9,0.808207654,0.716415307,0.624622961,0.532830615,0.441038268,0.349245922,0.257453575,0.165661229,0.073868883,0,0,0,0,0,0,,,,,,,
Virgin Islands (U.S.),VIR,People practicing open defecation (% of population),SH.STA.ODFC.ZS,,,,,,,,,,,,,,,,,,,,,,,,,,,,,,,,,,,,,,,,,0,0,0,0,0,0,0,0,0,0,0,0,0,0,0,0,0,0,0,0,0,0,0,
Viet Nam,VNM,People practicing open defecation (% of population),SH.STA.ODFC.ZS,,,,,,,,,,,,,,,,,,,,,,,,,,,,,,,,,,,,,,,,,16.85337566,15.98898979,15.13056764,14.27884966,13.43360375,12.59538066,11.76409885,10.93993757,10.12317226,9.313781752,8.511041572,7.716374838,6.929870278,6.151962283,5.382521876,4.621778218,3.86993537,3.127319389,2.393939782,1.669855893,1.010120563,0.413093211,0,
Vanuatu,VUT,People practicing open defecation (% of population),SH.STA.ODFC.ZS,,,,,,,,,,,,,,,,,,,,,,,,,,,,,,,,,,,,,,,,,2.353646763,2.34668859,2.339680659,2.332573186,2.3254163,2.17426375,2.024052625,1.87481813,1.726552966,1.579272648,1.434842007,1.292000634,1.149491568,1.007329306,0.86551377,0.724044999,0.58291893,0.44214312,0.301711728,0.161675651,0.060571227,0.058178914,0.055780649,
World,WLD,People practicing open defecation (% of population),SH.STA.ODFC.ZS,,,,,,,,,,,,,,,,,,,,,,,,,,,,,,,,,,,,,,,,,21.73776206,20.98297902,20.19196881,19.46667296,18.73287553,17.97967289,17.12707844,16.37029635,15.59055394,14.82588135,14.06339804,13.38825672,12.62523899,11.86104755,11.09390965,10.37928048,9.612160167,8.966972257,8.185866937,7.4305596,6.706158683,5.936514965,5.323779009,
Samoa,WSM,People practicing open defecation (% of population),SH.STA.ODFC.ZS,,,,,,,,,,,,,,,,,,,,,,,,,,,,,,,,,,,,,,,,,0.051892517,0.051831993,0.051916464,0.052078081,0.052238365,0.056146052,0.060103771,0.064211527,0.06833348,0.072471666,0.076625846,0.080796745,0.084997201,0.089222441,0.093463469,0.097722163,0.101997257,0.106286107,0.11056846,0.114839366,0.119098837,0.123344493,0.127572528,
Kosovo,XKX,People practicing open defecation (% of population),SH.STA.ODFC.ZS,,,,,,,,,,,,,,,,,,,,,,,,,,,,,,,,,,,,,,,,,,,,,,,,,,,,,,,,,,,,,,,,
"Yemen, Rep.",YEM,People practicing open defecation (% of population),SH.STA.ODFC.ZS,,,,,,,,,,,,,,,,,,,,,,,,,,,,,,,,,,,,,,,,,32.10950432,31.9122489,31.71195868,30.37760504,29.05501248,27.74513605,26.44719665,25.16183002,23.88931351,22.6299295,21.38395635,20.15193073,18.93409548,17.73045788,16.54173322,15.36791935,14.20944686,13.06651522,11.93949178,10.82838173,9.733526095,8.655209403,8.574171736,
South Africa,ZAF,People practicing open defecation (% of population),SH.STA.ODFC.ZS,,,,,,,,,,,,,,,,,,,,,,,,,,,,,,,,,,,,,,,,,12.18157994,11.48737821,10.79340391,10.10787222,9.43467243,8.77425508,8.126186323,7.49040006,6.86669971,6.255523981,5.656386242,5.06931546,4.494127215,3.930975357,3.379506212,2.839704579,2.311470887,1.794734204,1.289361138,0.795218739,0.312178256,0.227830979,0.149149544,
Zambia,ZMB,People practicing open defecation (% of population),SH.STA.ODFC.ZS,,,,,,,,,,,,,,,,,,,,,,,,,,,,,,,,,,,,,,,,,29.2921604,28.12896381,26.87181145,25.62736111,24.39574209,23.17740979,21.97213932,20.78035971,19.60159725,18.43708369,17.28582161,16.14845615,15.02397277,13.91247138,12.8146829,11.73051562,10.66064354,9.605180215,8.56443166,7.538820286,6.528608748,6.470194224,6.411157303,
Zimbabwe,ZWE,People practicing open defecation (% of population),SH.STA.ODFC.ZS,,,,,,,,,,,,,,,,,,,,,,,,,,,,,,,,,,,,,,,,,31.45737152,31.28294322,30.38264757,29.70119503,29.04951923,28.3944298,27.736333,27.07485408,26.41038484,25.74256314,25.0717684,24.39765837,23.72058784,23.04023444,22.34742632,21.6425871,20.92678059,20.20074201,19.46491992,18.72294478,18.0316168,17.33350814,17.30995225,